English,Kannada
ashriteshu,ಆಶ್ರಿತೇಷು
prastabhoomiya,ಪ್ರಸ್ತಭೂಮಿಯ
manewad,ಮನೆವಾಡ್
vihwala,ವಿಹ್ವಲ
bhavaneyalla,ಭಾವನೆಯಲ್ಲ
sarkozy,ಸರ್ಕೋಜಿ
nangelli,ನಂಗೆಲ್ಲಿ
pariganisalagta,ಪರಿಗಣಿಸಲಾಗ್ತಾ
padedukollabaaradendare,ಪಡೆದುಕೊಳ್ಳಬಾರದೆಂದರೆ
tantragalenu,ತಂತ್ರಗಳೇನು
kooguta,ಕೂಗುತ
sangrahavannashte,ಸಂಗ್ರಹವನ್ನಷ್ಟೇ
nandadindave,ನಂದದಿಂದವೆ
jinapage,ಜಿನಪಗೆ
marukalisakoodadu,ಮರುಕಳಿಸಕೂಡದು
kulavennuvudu,ಕುಲವೆನ್ನುವುದು
aitak,ಐಟಕ್
lingaratigalu,ಲಿಂಗರತಿಗಳು
horadiri,ಹೋರಾಡಿರಿ
ottaayada,ಒತ್ತಾಯದ
salavendu,ಸಲವೆಂದು
chooruchooraadantaayitu,ಚೂರುಚೂರಾದಂತಾಯಿತು
dhuradinde,ಧುರದಿಂದೆ
hadeyutta,ಹಡೆಯುತ್ತಾ
bandhubalagavellava,ಬಂಧುಬಳಗವೆಲ್ಲವ
mottadantiruva,ಮೊತ್ತದಂತಿರುವ
shaantanaagu,ಶಾಂತನಾಗು
kainalliyaadru,ಕೈನಲ್ಲಿಯಾದ್ರೂ
badjarigarh,ಬಡ್ಜರಿಗಾರ್
maratigaralli,ಮರಾಟಿಗರಲ್ಲಿ
subhradagolisalu,ಸುಭ್ರದಗೊಳಿಸಲು
pradarshisuvallina,ಪ್ರದರ್ಶಿಸುವಲ್ಲಿನ
hapifathers,ಹ್ಯಾಪಿಫಾದರ್ಸ್
saripadisuttaaro,ಸರಿಪಡಿಸುತ್ತಾರೊ
parvatake,ಪರ್ವತಕೆ
namavisheshana,ನಾಮವಿಶೇಷಣ
aavartakoshtakadalli,ಆವರ್ತಕೋಷ್ಟಕದಲ್ಲಿ
bahusankhyaru,ಬಹುಸಂಖ್ಯಾರು
sibigintaloo,ಸಿಬಿಗಿಂತಲೂ
nanagitto,ನನಗಿತ್ತೋ
vismayavenisuva,ವಿಸ್ಮಯವೆನಿಸುವ
vio,ವಿಯೊ
nudiyaleke,ನುಡಿಯಲೇಕೆ
antaragalilla,ಅಂತರಗಳಿಲ್ಲ
eetanindaagiye,ಈತನಿಂದಾಗಿಯೇ
gattalahalli,ಗಟ್ಟಲಹಳ್ಳಿ
sadasyeyante,ಸದಸ್ಯೆಯಂತೆ
holaagide,ಹೊಳಾಗಿದೆ
renukacharyanantaha,ರೇಣುಕಾಚಾರ್ಯನಂತಹ
monikaadalliruva,ಮೋನಿಕಾದಲ್ಲಿರುವ
hanedukondu,ಹಣೆದುಕೊಂಡು
badalaavanegalaagabahude,ಬದಲಾವಣೆಗಳಾಗಬಹುದೇ
kshameyachisuva,ಕ್ಷಮೆಯಾಚಿಸುವ
prayanikanigoo,ಪ್ರಯಾಣಿಕನಿಗೂ
galden,ಗಾಲ್ಡನ್
aushadhigalannellaa,ಔಷಧಿಗಳನ್ನೆಲ್ಲಾ
maadisaliddu,ಮಾಡಿಸಲಿದ್ದು
kaggadasanapurada,ಕಗ್ಗದಾಸನಪುರದ
kanishthavaagiruttade,ಕನಿಷ್ಠವಾಗಿರುತ್ತದೆ
molakeyodeyadantaha,ಮೊಳಕೆಯೊಡೆಯದಂತಹ
aralimaradatta,ಅರಳಿಮರದತ್ತ
balasuvudanne,ಬಳಸುವುದನ್ನೇ
vyanjakateyinda,ವ್ಯಂಜಕತೆಯಿಂದ
aahvaanisalpattide,ಆಹ್ವಾನಿಸಲ್ಪಟ್ಟಿದೆ
bavakhanavara,ಬಾವಾಖಾನವರ
arjigalige,ಅರ್ಜಿಗಳಿಗೆ
ecchelmegaad,ಎಚ್ಚೆಲ್ಮೆಗಾದ್
sushraavyadinda,ಸುಶ್ರಾವ್ಯದಿಂದ
pandikkad,ಪಂಡಿಕ್ಕಾಡ್
badalavaneyannuntu,ಬದಲಾವಣೆಯನ್ನುಂಟು
faridia,ಫರೀದಿಯಾ
mahalakshmammanavaru,ಮಹಾಲಕ್ಷ್ಮಮ್ಮನವರು
billannagi,ಬಿಲ್ಲನ್ನಾಗಿ
southerland,ಸೌಥರ್ಲ್ಯಾಂಡ್
bandudam,ಬಂದುದಂ
machchetty,ಮಚ್ಚೆಟ್ಟಿ
ariyuvudakke,ಅರಿಯುವುದಕ್ಕೆ
moulyagalannoo,ಮೌಲ್ಯಗಳನ್ನೂ
hinavalla,ಹೀನವಲ್ಲ
vaasanerahita,ವಾಸನೆರಹಿತ
mishranavagabahudaada,ಮಿಶ್ರಣವಾಗಬಹುದಾದ
rachanaakaalavannu,ರಚನಾಕಾಲವನ್ನು
nimmadiya,ನಿಮ್ಮಡಿಯಾ
viniyamakkoo,ವಿನಿಯಮಕ್ಕೂ
mugumeru,ಮುಗುಮೇರು
tyajisidavaru,ತ್ಯಜಿಸಿದವರೂ
ederisuva,ಈಡೇರಿಸುವ
kippur,ಕಿಪ್ಪುರ್
aatankitanaagidda,ಆತಂಕಿತನಾಗಿದ್ದ
karanaraddare,ಕಾರಣರಾದ್ದಾರೆ
shaharada,ಶಹರದ
kaledubiduve,ಕಳೆದುಬಿಡುವೆ
lakshye,ಲಕ್ಷ್ಯೆ
priyatirtharige,ಪ್ರಿಯತೀರ್ಥರಿಗೆ
heggadadevanakoteyinda,ಹೆಗ್ಗಡದೇವನಕೋಟೆಯಿಂದ
adhvaanagondittu,ಅಧ್ವಾನಗೊಂಡಿತ್ತು
tattitendu,ತಟ್ಟಿತೆಂದು
ashland,ಆಶ್ಲ್ಯಾಂಡ್
epipremnum,ಎಪಿಪ್ರೆಮ್ನಮ್
srushtisalo,ಸೃಷ್ಟಿಸಲೋ
bhurachanashastra,ಭೂರಚನಶಾಸ್ತ್ರ
pulvers,ಪುಲ್ವರ್ಸ್
naajookaaguttave,ನಾಜೂಕಾಗುತ್ತವೆ
vaguttidda,ವಾಗುತ್ತಿದ್ದ
tirikondiddanu,ತೀರಿಕೊಂಡಿದ್ದನು
veediyogalillade,ವೀಡಿಯೊಗಳಿಲ್ಲದೆ
berihudu,ಬೇರಿಹುದು
maanavaralloo,ಮಾನವರಲ್ಲೂ
hallaaguva,ಹಲ್ಲಾಗುವ
hidisilla,ಹಿಡಿಸಿಲ್ಲ
rasagobbaravilla,ರಸಗೊಬ್ಬರವಿಲ್ಲ
yatnaveega,ಯತ್ನವೀಗ
satyavagirabahudu,ಸತ್ಯವಾಗಿರಬಹುದು
hinduyukta,ಹಿಂದೂಯುಕ್ತ
neria,ನೇರಿಯಾ
shivamoggadaadyanta,ಶಿವಮೊಗ್ಗದಾದ್ಯಂತ
havidda,ಹಾವಿದ್ದ
hejjeyidabekendu,ಹೆಜ್ಜೆಯಿಡಬೇಕೆಂದು
kadaburu,ಕಡಬೂರು
susthiravagirabekadare,ಸುಸ್ಥಿರವಾಗಿರಬೇಕಾದರೆ
charcheyagiye,ಚರ್ಚೆಯಾಗಿಯೇ
shariravanne,ಶರೀರವನ್ನೇ
hinneleyalliyaadru,ಹಿನ್ನೆಲೆಯಲ್ಲಿಯಾದ್ರೂ
pragnaaroopavaada,ಪ್ರಜ್ಞಾರೂಪವಾದ
barediruvudarinda,ಬರೆದಿರುವುದರಿಂದ
parihaaradhanavaagi,ಪರಿಹಾರಧನವಾಗಿ
charlatonnara,ಚಾರ್ಲಾಟನ್ನರ
matrupremakke,ಮಾತೃಪ್ರೇಮಕ್ಕೆ
aayarvedada,ಆಯರ್ವೇದದ
chikkamarayya,ಚಿಕ್ಕಮಾರಯ್ಯ
klinikgalannu,ಕ್ಲಿನಿಕ್ಗಳನ್ನು
illadavarendare,ಇಲ್ಲದವರೆಂದರೆ
makwan,ಮಾಕ್ವಾನ್
nintrisuttade,ನಿಂತ್ರಿಸುತ್ತದೆ
padisiruvavaru,ಪಡಿಸಿರುವವರೂ
lokadolalu,ಲೋಕದೊಳಲು
kairuchiginta,ಕೈರುಚಿಗಿಂತ
sundaravagiddaro,ಸುಂದರವಾಗಿದ್ದರೋ
heptatholon,ಹೆಪ್ಟಾಥೊಲಾನ್
chadapadisuttidda,ಚಡಪಡಿಸುತ್ತಿದ್ದ
japaninodane,ಜಪಾನಿನೊಡನೆ
prashnegaleluttive,ಪ್ರಶ್ನೆಗಳೇಳುತ್ತಿವೆ
maryadeye,ಮರ್ಯಾದೆಯೇ
mallanakuppe,ಮಲ್ಲನಕುಪ್ಪೆ
prayojitave,ಪ್ರಾಯೋಜಿತವೇ
nillisalebaaradu,ನಿಲ್ಲಿಸಲೇಬಾರದು
mattahaakuvudaagi,ಮಟ್ಟಹಾಕುವುದಾಗಿ
jarididdavu,ಜರಿದಿದ್ದವು
gundalaga,ಗುಂಡಾಲಾಗ
dhyeyalli,ಧ್ಯೆಯಲ್ಲಿ
ttatege,ತ್ತತೆಗೆ
aatorikshaadallidda,ಆಟೋರಿಕ್ಷಾದಲ್ಲಿದ್ದ
kelaguruluvudu,ಕೆಳಗುರುಳುವುದು
inches,ಇಂಚಸ್
ellsburg,ಎಲ್ಲ್ಸ್ಬರ್ಗ್
samsdheyalli,ಸಂಸ್ಧೆಯಲ್ಲಿ
himapaatavaaguttiddaru,ಹಿಮಪಾತವಾಗುತ್ತಿದ್ದರೂ
rajaya,ರಾಜಯ
vyarthagolisuvudilla,ವ್ಯರ್ಥಗೊಳಿಸುವುದಿಲ್ಲ
madidarallave,ಮಾಡಿದರಲ್ಲವೇ
siddhagondittu,ಸಿದ್ಧಗೊಂಡಿತ್ತು
baruttiralva,ಬರುತ್ತಿರಲ್ವಾ
nimmugala,ನಿಮ್ಮುಗಳ
mantramandala,ಮಂತ್ರಮಂಡಳ
siriyindale,ಸಿರಿಯಿಂದಲೇ
matayi,ಮಾತಾಯಿ
harikaaranendoo,ಹರಿಕಾರನೆಂದೂ
dulmi,ದುಲ್ಮಿ
drore,ಡ್ರೋರ್
sthalaantaragolisalu,ಸ್ಥಳಾಂತರಗೊಳಿಸಲು
niraashavaadakke,ನಿರಾಶವಾದಕ್ಕೆ
katheria,ಕಟಾರಿಯಾ
shukrarige,ಶುಕ್ರರಿಗೆ
avarallada,ಅವರಲ್ಲದ
malayam,ಮಲಾಯಂ
hesarillave,ಹೆಸರಿಲ್ಲವೇ
kaigavasugalallina,ಕೈಗವಸುಗಳಲ್ಲಿನ
tiruginodiddaare,ತಿರುಗಿನೋಡಿದ್ದಾರೆ
kaddili,ಕದ್ದಿಲಿ
kaaranavaagirabahudendu,ಕಾರಣವಾಗಿರಬಹುದೆಂದು
classroomnalli,ಕ್ಲಾಸ್ರೂಮ್ನಲ್ಲಿ
dargaadinda,ದರ್ಗಾದಿಂದ
campier,ಕ್ಯಾಂಪಿಯರ್
badukisibitta,ಬದುಕಿಸಿಬಿಟ್ಟ
askot,ಅಸ್ಕೋಟ್
kshetrakkaada,ಕ್ಷೇತ್ರಕ್ಕಾದ
urvashiye,ಊರ್ವಶಿಯೆ
majjigeyolagina,ಮಜ್ಜಿಗೆಯೊಳಗಿನ
bhaaba,ಭಾಬ
beesuttiddanu,ಬೀಸುತ್ತಿದ್ದನು
dvanisuttade,ದ್ವನಿಸುತ್ತದೆ
tarjumeyaagiddu,ತರ್ಜುಮೆಯಾಗಿದ್ದು
vastuvannettikondu,ವಸ್ತುವನ್ನೆತ್ತಿಕೊಂಡು
madhyamagaligekishtu,ಮಾಧ್ಯಮಗಳಿಗೇಕಿಷ್ಟು
olleyadenannu,ಒಳ್ಳೆಯದೇನನ್ನು
muvchez,ಮುವ್ಚೆಜ್
kodisidavarannu,ಕೊಡಿಸಿದವರನ್ನು
mochis,ಮೊಚಿಸ್
spandisabekemba,ಸ್ಪಂದಿಸಬೇಕೇಂಬ
snaanaghattavide,ಸ್ನಾನಘಟ್ಟವಿದೆ
sevyanagi,ಸೇವ್ಯನಾಗಿ
sthithyantaragollalu,ಸ್ಥಿತ್ಯಂತರಗೊಳ್ಳಲು
kalakaliyullantaha,ಕಳಕಳಿಯುಳ್ಳಂತಹ
kendrikarisaballadu,ಕೇಂದ್ರೀಕರಿಸಬಲ್ಲದು
mandamatiyanu,ಮಂದಮತಿಯನು
soppinamalli,ಸೊಪ್ಪಿನಮಲ್ಲಿ
kelasakkeega,ಕೆಲಸಕ್ಕೀಗ
komuvadakke,ಕೋಮುವಾದಕ್ಕೆ
prabhavaddagide,ಪ್ರಭಾವದ್ದಾಗಿದೆ
mikkavarigaagi,ಮಿಕ್ಕವರಿಗಾಗಿ
onagisikondidda,ಒಣಗಿಸಿಕೊಂಡಿದ್ದ
kelibandaganindaloo,ಕೇಳಿಬಂದಾಗನಿಂದಲೂ
chithranaviruvudilla,ಚಿತ್ರಣವಿರುವುದಿಲ್ಲ
bilukul,ಬಿಲುಕುಲ್
upekshisabekada,ಉಪೇಕ್ಷಿಸಬೇಕಾದ
dharmavannagisikonda,ಧರ್ಮವನ್ನಾಗಿಸಿಕೊಂಡ
shohan,ಶೋಹನ್
bichchadiruvudu,ಬಿಚ್ಚದಿರುವುದು
ivaaginavaregoo,ಇವಾಗಿನವರೆಗೂ
andraskar,ಅಂದ್ರಸ್ಕಾರ್
hastelninda,ಹಾಸ್ಟೆಲ್ನಿಂದ
flygalu,ಫ್ಲೈಗಳು
ragagalondige,ರಾಗಗಳೊಂದಿಗೆ
hisukta,ಹಿಸುಕ್ತ
americadalliddene,ಅಮೆರಿಕಾದಲ್ಲಿದ್ದೇನೆ
aaneyondittu,ಆನೆಯೊಂದಿತ್ತು
nilekaniyavarannu,ನೀಲೇಕಣಿಯವರನ್ನು
prastapisatodagiddu,ಪ್ರಸ್ತಾಪಿಸತೊಡಗಿದ್ದು
anandadhvani,ಆನಂದಧ್ವನಿ
sambandhapattashiksakara,ಸಂಬಂಧಪಟ್ಟಶಿಕ್ಷಕರ
madadavaragiddare,ಮಾಡದವರಾಗಿದ್ದಾರೆ
aashirvachanagalinda,ಆಶೀರ್ವಚನಗಳಿಂದ
luffel,ಲುಫೆಲ್
vishayanishta,ವಿಷಯನಿಷ್ಠ
brevgalige,ಬ್ರೇವ್ಗಳಿಗೆ
baalabaaradeke,ಬಾಳಬಾರದೇಕೆ
sambhasiruva,ಸಂಭಸಿರುವ
kartavyaangavaagi,ಕರ್ತವ್ಯಾಂಗವಾಗಿ
braceletnalli,ಬ್ರೇಸ್ಲೆಟ್ನಲ್ಲಿ
viphalagolisuvaga,ವಿಫಲಗೊಳಿಸುವಾಗ
khalko,ಖಾಲ್ಕೊ
diseyalle,ದಿಸೆಯಲ್ಲೆ
jajeja,ಜಜೇಜಾ
suruda,ಸುರುದ
maahitiyinda,ಮಾಹಿತಿಯಿಂದ
eseyuvudaadaroo,ಎಸೆಯುವುದಾದರೂ
aakarshisuvavaraagiddare,ಆಕರ್ಷಿಸುವವರಾಗಿದ್ದರೆ
prakriyegaliveyadaru,ಪ್ರಕ್ರಿಯೆಗಳಿವೆಯಾದರೂ
sannakatheyondannu,ಸಣ್ಣಕಥೆಯೊಂದನ್ನು
sayalarambhisiddare,ಸಾಯಲಾರಂಭಿಸಿದ್ದಾರೆ
nadumadyaanada,ನಡುಮದ್ಯಾನದ
gadavagalu,ಗಡವಗಳು
adaraddaada,ಅದರದ್ದಾದ
tevamshakaraka,ತೇವಾಂಶಕಾರಕ
kalakarank,ಕಲಾಕಾರಾಂಕ್
hottageyannoo,ಹೊತ್ತಗೆಯನ್ನೂ
samvedanaasheelateyillade,ಸಂವೇದನಾಶೀಲತೆಯಿಲ್ಲದೆ
saamantanaagi,ಸಾಮಂತನಾಗಿ
nenigeridare,ನೇಣಿಗೇರಿದರೆ
tirikondavaru,ತೀರಿಕೊಂಡವರು
kangolisutiraladigadige,ಕಂಗೊಳಿಸುತಿರಲಡಿಗಡಿಗೆ
munimu,ಮುನಿಮು
uruhodesalaguttide,ಉರುಹೊಡೆಸಲಾಗುತ್ತಿದೆ
pradeshavenda,ಪ್ರದೇಶವೆಂದ
anchikatteyalli,ಅಂಚಿಕಟ್ಟೆಯಲ್ಲಿ
hennumakkaligiruva,ಹೆಣ್ಣುಮಕ್ಕಳಿಗಿರುವ
bapparagi,ಬಪ್ಪರಗಿ
sahasradaladapondaavareya,ಸಹಸ್ರದಳದಪೊಂದಾವರೆಯ
japtiyaadare,ಜಪ್ತಿಯಾದರೆ
pathavagalilla,ಪಾಠವಾಗಲಿಲ್ಲ
sikkiso,ಸಿಕ್ಕಿಸೊ
gayavondannu,ಗಾಯವೊಂದನ್ನು
kadimeyaguvatta,ಕಡಿಮೆಯಾಗುವತ್ತ
raajakaaranavillada,ರಾಜಕಾರಣವಿಲ್ಲದ
nerang,ನೆರಂಗ್
havyaasakkondu,ಹವ್ಯಾಸಕ್ಕೊಂದು
hunjanu,ಹುಂಜನು
revelution,ರೆವೆಲ್ಯೂಷನ್
albicon,ಅಲ್ಬಿಕಾನ್
lakshminarayanan,ಲಕ್ಷ್ಮಿನಾರಾಯಣನ್
utpannavaguvude,ಉತ್ಪನ್ನವಾಗುವುದೇ
theaterondakke,ಥಿಯೇಟರೊಂದಕ್ಕೆ
maragolu,ಮರಗೋಳು
hogidduvu,ಹೋಗಿದ್ದುವು
adakyara,ಅದಕ್ಯಾರ
sarreyannu,ಸರ್ರೆಯನ್ನು
pradeshadallidde,ಪ್ರದೇಶದಲ್ಲಿದ್ದೆ
sampanneya,ಸಂಪನ್ನೆಯ
prathamaasakti,ಪ್ರಥಮಾಸಕ್ತಿ
gojamotte,ಗೊಜಮೊಟ್ಟೆ
mereyuvudakkalla,ಮೆರೆಯುವುದಕ್ಕಲ್ಲ
hudugiyaribbarige,ಹುಡುಗಿಯರಿಬ್ಬರಿಗೆ
konekshanagalannu,ಕೊನೆಕ್ಷಣಗಳನ್ನು
atikramisuttiddare,ಅತಿಕ್ರಮಿಸುತ್ತಿದ್ದರೆ
joligeyolakke,ಜೋಳಿಗೆಯೊಳಕ್ಕೆ
jayaprakaash,ಜಯಪ್ರಕಾಶ್
pulkeya,ಪುಲ್ಕೆಯ
tevakaarakavannoo,ತೇವಕಾರಕವನ್ನೂ
kannadia,ಕನ್ನಡಿಯಾ
nagarikanavarege,ನಾಗರಿಕನವರೆಗೆ
doshamuktateya,ದೋಷಮುಕ್ತತೆಯ
heterosyclic,ಹೆಟರೊಸಿಕ್ಲಿಕ್
aarogyavannuntu,ಆರೋಗ್ಯವನ್ನುಂಟು
bandavanemba,ಬಂದವನೆಂಬ
komalavadaga,ಕೋಮಲವಾದಾಗ
dryden,ಡ್ರೈಡನ್
aadikeshavanige,ಆದಿಕೇಶವನಿಗೆ
yaratta,ಯರತ್ತ
avnage,ಅವ್ನಗೆ
najibullah,ನಜಿಬುಲ್ಲಾ
neneyalirisi,ನೆನೆಯಲಿರಿಸಿ
munigalaada,ಮುನಿಗಳಾದ
abhivraddhiyaagiruvaaga,ಅಭಿವೃದ್ಧಿಯಾಗಿರುವಾಗ
darale,ದರಲೆ
roskildnalli,ರೋಸ್ಕಿಲ್ಡ್ನಲ್ಲಿ
dorakuttiddaru,ದೊರಕುತ್ತಿದ್ದರು
kaptargalannu,ಕಾಪ್ಟರ್ಗಳನ್ನು
debhara,ದೇಭರ
suktavaagiruvudaagi,ಸೂಕ್ತವಾಗಿರುವುದಾಗಿ
mimbro,ಮಿಂಬ್ರೋ
vishaadaneeyavaadudu,ವಿಷಾದನೀಯವಾದುದು
intahavaranna,ಇಂತಹವರನ್ನ
macchugalella,ಮಚ್ಚುಗಳೆಲ್ಲ
udyogigalatta,ಉದ್ಯೋಗಿಗಳತ್ತ
oppadanda,ಒಪ್ಪದಂದ
eccharaviralilla,ಎಚ್ಚರವಿರಲಿಲ್ಲ
dasrikoppa,ದಾಸ್ರಿಕೊಪ್ಪ
giancarlo,ಜಿಯಾಂಕಾರ್ಲೊ
soujanyavilla,ಸೌಜನ್ಯವಿಲ್ಲ
kelidraatu,ಕೇಳಿದ್ರಾತು
vulloreyanella,ವುಲ್ಲೊರೆಯನೆಲ್ಲ
tawalchya,ತವಳ್ಚ್ಯಾ
bhagayagiddare,ಭಾಗಯಾಗಿದ್ದಾರೆ
harender,ಹರೇಂದರ್
boliyu,ಬೋಲಿಯು
khasaayikhaaneyalli,ಖಸಾಯಿಖಾನೆಯಲ್ಲಿ
glosnevin,ಗ್ಲಾಸ್ನೆವಿನ್
santoshanaddu,ಸಂತೋಷನದ್ದು
katheyillade,ಕಥೆಯಿಲ್ಲದೆ
kedakuttaale,ಕೆದಕುತ್ತಾಳೆ
siddhavagideye,ಸಿದ್ಧವಾಗಿದೆಯೆ
gouriyaddu,ಗೌರಿಯದ್ದು
reshagalondige,ರೇಷಗಳೊಂದಿಗೆ
khajamodina,ಖಾಜಾಮೋದಿನ
pooraikedaararanteye,ಪೂರೈಕೆದಾರರಂತೆಯೇ
seeldararu,ಸೀಲ್ದಾರರು
bayalumaadabahudu,ಬಯಲುಮಾಡಬಹುದು
telisuttaane,ತೇಲಿಸುತ್ತಾನೆ
manushyaneke,ಮನುಷ್ಯನೇಕೆ
aagnaadhikaariyaagidda,ಆಜ್ಞಾಧಿಕಾರಿಯಾಗಿದ್ದ
huchchaatagalige,ಹುಚ್ಚಾಟಗಳಿಗೆ
kattamastaada,ಕಟ್ಟಮಸ್ತಾದ
bascoo,ಬಾಸ್ಕೂ
balapakke,ಬಲಪಕ್ಕೆ
naguvinallondu,ನಗುವಿನಲ್ಲೊಂದು
pritisutteve,ಪ್ರೀತಿಸುತ್ತೇವೆ
revatiyavarondige,ರೇವತಿಯವರೊಂದಿಗೆ
tattalaaravu,ತಟ್ಟಲಾರವು
binnahisalu,ಬಿನ್ನಹಿಸಲು
boretto,ಬೊರೆಟ್ಟೊ
shaktikendragalagabeku,ಶಕ್ತಿಕೇಂದ್ರಗಳಾಗಬೇಕು
bhittarisiruvudu,ಭಿತ್ತರಿಸಿರುವುದು
vyaktipradhaana,ವ್ಯಕ್ತಿಪ್ರಧಾನ
puritanism,ಪ್ಯೂರಿಟನಿಸಮ್
bembalisuttareye,ಬೆಂಬಲಿಸುತ್ತಾರೆಯೇ
avalilde,ಅವಳಿಲ್ದೇ
muz,ಮುಜ್
telegraphgagy,ಟೆಲಿಗ್ರಾಫ್ಗಾಗಿ
ishtam,ಇಷ್ಟಮ್
adje,ಆಡ್ಜೆ
ghanateyannalla,ಘನತೆಯನ್ನಲ್ಲ
sotiddavarige,ಸೋತಿದ್ದವರಿಗೆ
baalisalu,ಬಾಳಿಸಲು
olabaagilininda,ಒಳಬಾಗಿಲಿನಿಂದ
alanahalli,ಆಲನಹಳ್ಳಿ
dumbunani,ದುಂಬುನಾನಿ
guntli,ಗುಂತ್ಲಿ
madtal,ಮಾಡ್ತಾಳ್
rediyaguttare,ರೆಡಿಯಾಗುತ್ತಾರೆ
sangrahisabahudaagittu,ಸಂಗ್ರಹಿಸಬಹುದಾಗಿತ್ತು
begtse,ಬೆಗ್ಟ್ಸೆ
maximise,ಮ್ಯಾಕ್ಸಿಮೈಸ್
sacroiac,ಸ್ಯಾಕ್ರೊಯಿಯಾಕ್
bhoobhaagavannella,ಭೂಭಾಗವನ್ನೆಲ್ಲ
bhartaria,ಭರ್ತಾರಿಯಾ
patrakartakartara,ಪತ್ರಕರ್ತಕರ್ತರ
nimmadagirabeku,ನಿಮ್ಮದಾಗಿರಬೇಕು
parichaarakadalli,ಪರಿಚಾರಕದಲ್ಲಿ
uttarisuttiddante,ಉತ್ತರಿಸುತ್ತಿದ್ದಂತೆ
utpatsyatesti,ಉತ್ಪತ್ಸ್ಯತೇಸ್ತಿ
valkaneekarisida,ವಲ್ಕನೀಕರಿಸಿದ
ilimukhavaadeetu,ಇಳಿಮುಖವಾದೀತು
pladav,ಪ್ಲಾಡವ್
pisuguttuvudannu,ಪಿಸುಗುಟ್ಟುವುದನ್ನು
nodalarambhisitu,ನೋಡಲಾರಂಭಿಸಿತು
punarvimarshisi,ಪುನರ್ವಿಮರ್ಶಿಸಿ
mattenaksalaru,ಮತ್ತೆನಕ್ಸಲರು
suhlaadana,ಸುಹ್ಲಾದನ
rogalakshanagale,ರೋಗಲಕ್ಷಣಗಳೆ
bayalane,ಬಯಲನೇ
kooligintaloo,ಕೋಲಿಗಿಂತಲೂ
maghada,ಮಾಘದ
nirerevaga,ನೀರೆರೆವಾಗ
piligegondu,ಪೀಳಿಗೆಗೊಂದು
sravisuvudilla,ಸ್ರವಿಸುವುದಿಲ್ಲ
mrugalayajanya,ಮೃಗಾಲಯಜನ್ಯ
fahdat,ಫಹದತ್
baddiyaguttade,ಬಡ್ಡಿಯಾಗುತ್ತದೆ
bratislavada,ಬ್ರಾಟಿಸ್ಲಾವಾದ
vimukharaguvavaru,ವಿಮುಖರಾಗುವವರು
gurmaji,ಗುರ್ಮಾಜಿ
nindisutteve,ನಿಂದಿಸುತ್ತೇವೆ
paliyulikeyantiruva,ಪಳಿಯುಳಿಕೆಯಂತಿರುವ
saarvabhoumatvavulla,ಸಾರ್ವಭೌಮತ್ವವುಳ್ಳ
osigaagi,ಓಸಿಗಾಗಿ
kadechurinalli,ಕಡೇಚೂರಿನಲ್ಲಿ
suddipatrikegella,ಸುದ್ದಿಪತ್ರಿಕೆಗೆಲ್ಲ
vaishyottamam,ವೈಶ್ಯೋತ್ತಮಂ
praniyagiro,ಪ್ರಾಣಿಯಾಗಿರೋ
agatyaruva,ಅಗತ್ಯರುವ
siddarirabeku,ಸಿದ್ದರಿರಬೇಕು
kriyamantra,ಕ್ರಿಯಾಮಂತ್ರ
kundagaligoo,ಕುಂಡಗಳಿಗೂ
ulidukoltidda,ಉಳಿದುಕೊಳ್ತಿದ್ದ
komalagatra,ಕೋಮಲಗಾತ್ರ
naitikavembante,ನೈತಿಕವೆಂಬಂತೆ
vasthavaamshagalannu,ವಾಸ್ತವಾಂಶಗಳನ್ನು
vashavaagada,ವಶವಾಗದ
srushtisalpatta,ಸೃಷ್ಠಿಸಲ್ಪಟ್ಟ
jassur,ಜಸ್ಸೂರ್
matanaadisalu,ಮತನಾಡಿಸಲು
erikeyagadiddalli,ಏರಿಕೆಯಾಗದಿದ್ದಲ್ಲಿ
andhragalinda,ಆಂಧ್ರಗಳಿಂದ
saviyabahudaagiddu,ಸವಿಯಬಹುದಾಗಿದ್ದು
nadenudigalalli,ನಡೆನುಡಿಗಳಲ್ಲಿ
kaichachuvavaru,ಕೈಚಾಚುವವರು
nishyabdavaagiri,ನಿಶ್ಯಬ್ದವಾಗಿರಿ
pipavav,ಪಿಪವಾವ್
shaakhotpaadakagalinda,ಶಾಖೋತ್ಪಾದಕಗಳಿಂದ
sandaayavannoo,ಸಂದಾಯವನ್ನೂ
baruvantive,ಬರುವಂತಿವೆ
eduraaliyavaru,ಎದುರಾಳಿಯವರು
samudaayavaadigalige,ಸಮುದಾಯವಾದಿಗಳಿಗೆ
aatavaadisiddaru,ಆಟವಾಡಿಸಿದ್ದರು
gnanavardhaneya,ಜ್ಞಾನವರ್ಧನೆಯ
kaaryaarambhisidda,ಕಾರ್ಯಾರಂಭಿಸಿದ್ದ
hogaluvikeyalle,ಹೊಗಳುವಿಕೆಯಲ್ಲೇ
chitranodale,ಚಿತ್ರನೋಡಲೇ
kandodane,ಕಂಡೊಡನೆ
habbuttalide,ಹಬ್ಬುತ್ತಲಿದೆ
chellatu,ಚೆಲ್ಲತು
gente,ಜೆಂಟೆ
pradarshanakalegala,ಪ್ರದರ್ಶನಕಲೆಗಳ
mahabdhiyatreyanidam,ಮಹಾಬ್ಧಿಯಾತ್ರೆಯನಿದಂ
inchugalaagiruttade,ಇಂಚುಗಳಾಗಿರುತ್ತದೆ
bagidduvu,ಬಾಗಿದ್ದುವು
batoot,ಬಟೂಟ್
echchariddaaga,ಎಚ್ಚರಿದ್ದಾಗ
palagisuve,ಪಳಗಿಸುವೆ
hattiravella,ಹತ್ತಿರವೆಲ್ಲ
banavige,ಬಣವಿಗೆ
bannabalidukondu,ಬಣ್ಣಬಳಿದುಕೊಂಡು
natyalayagalannu,ನಾಟ್ಯಾಲಯಗಳನ್ನು
dominate,ಡಾಮಿನೆಟ್
rakshanodyama,ರಕ್ಷಣೋದ್ಯಮ
kondiyagiddu,ಕೊಂಡಿಯಾಗಿದ್ದು
sthaladallirade,ಸ್ಥಳದಲ್ಲಿರದೆ
bhaashegalallaadare,ಭಾಷೆಗಳಲ್ಲಾದರೆ
minchidru,ಮಿಂಚಿದ್ರು
govgalu,ಗೋವ್ಗಳು
pharmacotherapis,ಫಾರ್ಮಾಕೊಥೆರಪಿಸ್
poornagollalla,ಪೂರ್ಣಗೊಳ್ಳಲ್ಲ
nambabahudittu,ನಂಬಬಹುದಿತ್ತು
aafisinalidda,ಆಫೀಸಿನಲಿದ್ದ
anukulaviralilla,ಅನುಕೂಲವಿರಲಿಲ್ಲ
chaukaaravaagi,ಚೌಕಾರವಾಗಿ
kodin,ಕೋಡಿನ್
janapriyateyonde,ಜನಪ್ರಿಯತೆಯೊಂದೇ
kanberagugolisi,ಕಣ್ಬೆರಗುಗೊಳಿಸಿ
ettangadiyaagaliruva,ಎತ್ತಂಗಡಿಯಾಗಲಿರುವ
badalaagtiddaane,ಬದಲಾಗ್ತಿದ್ದಾನೆ
shisten,ಶಿಸ್ತೆನ್
calendernallide,ಕ್ಯಾಲೆಂಡರ್ನಲ್ಲಿದೆ
antaramukha,ಅಂತರಮುಖ
util,ಯುಟಿಲ್
harshana,ಹರ್ಷನಾ
moolavondannu,ಮೂಲವೊಂದನ್ನು
siddhalaagiddaare,ಸಿದ್ಧಳಾಗಿದ್ದಾರೆ
fluker,ಫ್ಲೂಕರ್
charutaram,ಚಾರುತರಂ
roopillada,ರೂಪಿಲ್ಲದ
parlementaire,ಪಾರ್ಲಿಮೆಂಟೇರ್
belakangidde,ಬೆಳಕಂಗಿದ್ದೆ
bandudakkintaloo,ಬಂದುದಕ್ಕಿಂತಲೂ
deburu,ದೇಬೂರು
dattaniyu,ದಟ್ಟಣಿಯು
strinernondige,ಸ್ಟ್ರೈನರ್ನೊಂದಿಗೆ
morehokkavarannu,ಮೊರೆಹೊಕ್ಕವರನ್ನು
architecura,ಆರ್ಕಿಟೆಕ್ಯೂರಾ
serddidaru,ಸೇರ್ದ್ದಿದರು
mansasannu,ಮನ್ಸಸನ್ನು
tokkotinalli,ತೊಕ್ಕೊಟಿನಲ್ಲಿ
lakaki,ಲಕಾಕಿ
raynard,ರೇನಾರ್ಡ್
miraphlores,ಮಿರಾಫ್ಲೋರೆಸ್
punarvyavasthe,ಪುನರ್ವ್ಯವಸ್ಥೆ
naapata,ನಾಪತ
paathaviddalli,ಪಾಠವಿದ್ದಲ್ಲಿ
versiles,ವೆರ್ಸೈಲ್ಸ್
kshetrakaaryakartanu,ಕ್ಷೇತ್ರಕಾರ್ಯಕರ್ತನು
chatterji,ಚ್ಯಾಟರ್ಜಿ
pratijanakavagiddu,ಪ್ರತಿಜನಕವಾಗಿದ್ದು
belenashtavagiddu,ಬೆಳೆನಷ್ಟವಾಗಿದ್ದು
abhinavodbhasadim,ಅಭಿನವೋದ್ಭಾಸದಿಂ
highsilt,ಹೈಸಿಲ್ಟ್
arkhangelsk,ಆರ್ಖಾಂಗೆಲ್ಸ್ಕ್
lingannagoudaru,ಲಿಂಗಣ್ಣಗೌಡರು
sarojiniyavaru,ಸರೋಜಿನಿಯವರು
kamsasurana,ಕಂಸಾಸುರನ
akroshitanagidda,ಆಕ್ರೋಶಿತನಾಗಿದ್ದ
lotaku,ಲೊಟಕು
sarakshateya,ಸರಕ್ಷತೆಯ
haagiruttaale,ಹಾಗಿರುತ್ತಾಳೆ
karkalli,ಕರ್ಕಳ್ಳಿ
puraavegalirabahudu,ಪುರಾವೆಗಳಿರಬಹುದು
hattiraane,ಹತ್ತಿರಾನೆ
maimaretavaru,ಮೈಮರೆತವರು
bhogli,ಭೊಗ್ಲಿ
smrutipatalagala,ಸ್ಮೃತಿಪಟಲಗಳ
shadjaheena,ಷಡ್ಜಹೀನ
lakshmidevige,ಲಕ್ಷ್ಮಿದೇವಿಗೆ
tochadavalante,ತೋಚದವಳಂತೆ
madyadangadigalanna,ಮದ್ಯದಂಗಡಿಗಳನ್ನ
kelasaviddu,ಕೆಲಸವಿದ್ದು
bhedavenisade,ಭೇದವೆನಿಸದೆ
hudalaagu,ಹೂಡಲಾಗು
saakagi,ಸಾಕಗಿ
sococtic,ಸೋಕೋಕ್ಟಿಕ್
madraamaayanadalli,ಮದ್ರಾಮಾಯಣದಲ್ಲಿ
ranganayak,ರಂಗಾನಾಯಕ್
nellipalike,ನೆಲ್ಲಿಪಳಿಕೆ
daanapadedavaru,ದಾನಪಡೆದವರು
bhashanadallidda,ಭಾಷಣದಲ್ಲಿದ್ದ
bhootagannadiyannaagi,ಭೂತಗನ್ನಡಿಯನ್ನಾಗಿ
puruseyu,ಪುರುಸೆಯು
mantriyim,ಮಂತ್ರಿಯಿಂ
kapegaagi,ಕಪೆಗಾಗಿ
bulletstarm,ಬುಲೆಟ್ಸ್ಟಾರ್ಮ್
harbagh,ಹರ್ಬಾಗ್
sottagalu,ಸೊತ್ತಾಗಲು
paratakke,ಪರಾಟಕ್ಕೆ
kaaludaariyinda,ಕಾಲುದಾರಿಯಿಂದ
gundigeyavare,ಗುಂಡಿಗೆಯವರೇ
andokondidde,ಅಂದೊಕೊಂಡಿದ್ದೆ
gotamam,ಗೋತಮಂ
javakkoo,ಜಾವಕ್ಕೂ
malagobaagalannu,ಮಲಗೋಬಾಗಳನ್ನು
rajapratinidhiyada,ರಾಜಪ್ರತಿನಿಧಿಯಾದ
saralikaranadatta,ಸರಳೀಕರಣದತ್ತ
tinnalive,ತಿನ್ನಲಿವೆ
jagalavadidante,ಜಗಳವಾಡಿದಂತೆ
madisikodalu,ಮಾಡಿಸಿಕೊಡಲು
hootagi,ಹೋಟಗಿ
konnura,ಕೊನ್ನುರ
purvottaragalenu,ಪೂರ್ವೋತ್ತರಗಳೇನು
janvekar,ಜಾನ್ವೇಕರ್
baditare,ಬಡಿತಾರೆ
paavatisabekiruvudu,ಪಾವತಿಸಬೇಕಿರುವುದು
mundodalide,ಮುಂದೋಡಲಿದೆ
niyaamakavoo,ನಿಯಾಮಕವೂ
prasannarenuka,ಪ್ರಸನ್ನರೇಣುಕ
padayatreyanna,ಪಾದಯಾತ್ರೆಯನ್ನ
danivaguvashtu,ದಣಿವಾಗುವಷ್ಟು
devasturu,ದೇವಸ್ತೂರು
nettiddaroo,ನೆಟ್ಟಿದ್ದರೂ
prayonavagiralilla,ಪ್ರಯೋನವಾಗಿರಲಿಲ್ಲ
hanchikolluvudeno,ಹಂಚಿಕೊಳ್ಳುವುದೇನೋ
biduvagiralilla,ಬಿಡುವಾಗಿರಲಿಲ್ಲ
tekkiyagiddaru,ಟೆಕ್ಕಿಯಾಗಿದ್ದರು
pritisiddevu,ಪ್ರೀತಿಸಿದ್ದೆವು
hallujjikondare,ಹಲ್ಲುಜ್ಜಿಕೊಂಡರೆ
nagapattinam,ನಾಗಪಟ್ಟಿನಮ್
tsaahisiddu,ತ್ಸಾಹಿಸಿದ್ದು
pradeshaka,ಪ್ರದೇಶಕ
helidavaralla,ಹೇಳಿದವರಲ್ಲ
aatmacharitraakaararu,ಆತ್ಮಚರಿತ್ರಾಕಾರರು
anaatharannoo,ಅನಾಥರನ್ನೂ
tapitastharendu,ತಪಿತಸ್ಥರೆಂದು
bittubittenu,ಬಿಟ್ಟುಬಿಟ್ಟೆನು
gandhiyagiye,ಗಾಂಧಿಯಾಗಿಯೇ
neravagada,ನೆರವಾಗದ
saraagamappantu,ಸರಾಗಮಪ್ಪಂತು
manaaliyalliddaare,ಮನಾಲಿಯಲ್ಲಿದ್ದಾರೆ
haaniyaaguvantahavu,ಹಾನಿಯಾಗುವಂತಹವು
rastegilisalilla,ರಸ್ತೆಗಿಳಿಸಲಿಲ್ಲ
kattarisiddaane,ಕತ್ತರಿಸಿದ್ದಾನೆ
taannannu,ತಾನ್ನನ್ನು
pipebamb,ಪೈಪ್ಬಾಂಬ್
nayamur,ನಯಮೂರ್
gopuragalannoo,ಗೋಪುರಗಳನ್ನೂ
correspondent,ಕರಸ್ಪಾಂಡೆಂಟ್
aaratiyannettabeku,ಆರತಿಯನ್ನೆತ್ತಬೇಕು
dondiyalli,ದೊಂದಿಯಲ್ಲಿ
eladano,ಎಳದಾನೊ
sammeladali,ಸಮ್ಮೇಳದಲಿ
mukerjea,ಮುಖರ್ಜಿಯಾ
bukkadibailu,ಬುಕ್ಕಡಿಬೈಲು
aasekangala,ಆಸೆಕಂಗಳ
punaraavartisuvavarege,ಪುನರಾವರ್ತಿಸುವವರೆಗೆ
ghanateyu,ಘನತೆಯು
kelsavendare,ಕೆಲ್ಸವೆಂದರೆ
shushrooshakarige,ಶುಶ್ರೂಷಕರಿಗೆ
pratimanegalalli,ಪ್ರತಿಮನೆಗಳಲ್ಲಿ
edurisuttiruvaagaloo,ಎದುರಿಸುತ್ತಿರುವಾಗಲೂ
sodaragala,ಸೋದರಗಳ
hottirodrinda,ಹೊತ್ತಿರೋದ್ರಿಂದ
malalavaadikere,ಮಳಲವಾಡಿಕೆರೆ
tahaladi,ತಹಳದಿ
kannureppegalantaha,ಕಣ್ಣುರೆಪ್ಪೆಗಳಂತಹ
gavipurada,ಗವಿಪುರದ
huttuttado,ಹುಟ್ಟುತ್ತದೋ
ulita,ಉಳಿತ
kettada,ಕೆತ್ತದ
ivishtannoo,ಇವಿಷ್ಟನ್ನೂ
haakudannu,ಹಾಕುದನ್ನು
faitannu,ಫೈಟನ್ನು
taruttiruvudallade,ತರುತ್ತಿರುವುದಲ್ಲದೆ
arambhisibittare,ಆರಂಭಿಸಿಬಿಟ್ಟರೆ
honduttiruvudannu,ಹೊಂದುತ್ತಿರುವುದನ್ನು
parikavaada,ಪರಿಕವಾದ
badavilingada,ಬಡವಿಲಿಂಗದ
baalanudbhavisuvanu,ಬಾಲನುದ್ಭವಿಸುವನು
atankakkeedagiruva,ಆತಂಕಕ್ಕೀಡಾಗಿರುವ
kunchanashaktiyulla,ಕುಂಚನಶಕ್ತಿಯುಳ್ಳ
endendenna,ಎಂದೆಂದೆನ್ನ
devategalalli,ದೇವತೆಗಳಲ್ಲಿ
kriyetivige,ಕ್ರಿಯೇಟಿವಿಗೆ
visheshagaliruvudu,ವಿಶೇಷಗಳಿರುವುದು
okkarisuva,ಒಕ್ಕರಿಸುವ
visheshanapada,ವಿಶೇಷಣಪದ
paliyulikegalinda,ಪಳಿಯುಳಿಕೆಗಳಿಂದ
kavyapunja,ಕಾವ್ಯಪುಂಜ
gattiyaadashtoo,ಗಟ್ಟಿಯಾದಷ್ಟೂ
broogs,ಬ್ರೂಗ್ಸ್
moolamaanadalle,ಮೂಲಮಾನದಲ್ಲೇ
hebbatugalantaha,ಹೆಬ್ಬಾತುಗಳಂತಹ
grathalayakke,ಗ್ರಥಾಲಯಕ್ಕೆ
munduvarisuttiddu,ಮುಂದುವರಿಸುತ್ತಿದ್ದು
ouduvitavaagide,ಔಡುವಿತವಾಗಿದೆ
vasava,ವಾಸವ
sparsgalige,ಸ್ಪರ್ಸ್ಗಳಿಗೆ
punarbhartiyaguttave,ಪುನರ್ಭರ್ತಿಯಾಗುತ್ತವೆ
gaadfaadargalannu,ಗಾಡ್ಫಾದರ್ಗಳನ್ನು
sandaayavaadavu,ಸಂದಾಯವಾದವು
muncipalitiche,ಮುನ್ಸಿಪಾಲಿಟಿಚೆ
lago,ಲಾಗೋ
rajakari,ರಾಜಕಾರಿ
sulabhavallavennuvudu,ಸುಲಭವಲ್ಲವೆನ್ನುವುದು
maadabahudemba,ಮಾಡಬಹುದೆಂಬ
gazer,ಗೇಜರ್
patanavagalikke,ಪತನವಾಗಲಿಕ್ಕೆ
yojisuttiruvudara,ಯೋಜಿಸುತ್ತಿರುವುದರ
sadupayogavadare,ಸದುಪಯೋಗವಾದರೆ
punarambhisutta,ಪುನಾರಂಭಿಸುತ್ತಾ
nirdhaarabembalisida,ನಿರ್ಧಾರಬೆಂಬಲಿಸಿದ
biniyan,ಬಿನಿಯನ್
daryavoo,ದರ್ಯವೂ
stuffing,ಸ್ಟಫ್ಫಿಂಗ್
chadangagalannu,ಚಡಂಗಗಳನ್ನು
kategalishta,ಕತೆಗಳಿಷ್ಟ
marksnante,ಮಾರ್ಕ್ಸ್ನಂತೆ
trenchard,ಟ್ರೆನ್ಚಾರ್ಡ್
tiralilla,ತೀರಲಿಲ್ಲ
kattalaaguva,ಕಟ್ಟಲಾಗುವ
edurubaduraadaroo,ಎದುರುಬದುರಾದರೂ
huttiradidda,ಹುಟ್ಟಿರದಿದ್ದ
baariyavara,ಬಾರಿಯವರ
gwathme,ಗ್ವಾಥ್ಮೆ
nirgalu,ನಿರ್ಗಲು
kaddidde,ಕದ್ದಿದ್ದೆ
narashuleyinda,ನರಶೂಲೆಯಿಂದ
nantondide,ನಂಟೊಂದಿದೆ
vasculara,ವ್ಯಾಸ್ಕ್ಯುಲರ
penedo,ಪೆನೆಡೋ
jeevanaduddakoo,ಜೀವನದುದ್ದಕೂ
vasiliki,ವಾಸಿಲಿಕಿ
mantriyagabeka,ಮಂತ್ರಿಯಾಗಬೇಕಾ
jinaraj,ಜಿನರಾಜ್
jurchans,ಜುರ್ಚನ್ಸ್
soochisabekittu,ಸೂಚಿಸಬೇಕಿತ್ತು
hodedaddagali,ಹೊಡೆದದ್ದಾಗಲಿ
lopagalendare,ಲೋಪಗಳೆಂದರೆ
bhavishyavaanigalellavu,ಭವಿಷ್ಯವಾಣಿಗಳೆಲ್ಲವೂ
fiver,ಫೈವರ್
samyogakke,ಸಂಯೋಗಕ್ಕೆ
seginta,ಸೆಗಿಂತ
sambandhavirisiddu,ಸಂಬಂಧವಿರಿಸಿದ್ದು
varahaavataara,ವರಹಾವತಾರ
kalachuttittu,ಕಳಚುತ್ತಿತ್ತು
dagiruvudarinda,ದಾಗಿರುವುದರಿಂದ
dasharathideekshit,ದಾಶರಥಿದೀಕ್ಷಿತ್
shabdavaibhava,ಶಬ್ದವೈಭವ
udaareekruta,ಉದಾರೀಕೃತ
agamasida,ಆಗಮಸಿದ
vichaaravannittu,ವಿಚಾರವನ್ನಿಟ್ಟು
srimantagolisali,ಶ್ರೀಮಂತಗೊಳಿಸಲಿ
nandikeshwaramatharu,ನಂದಿಕೇಶ್ವರಮಠರು
malebeleyaguttilla,ಮಳೆಬೆಳೆಯಾಗುತ್ತಿಲ್ಲ
chawhat,ಚವ್ಹಾಟ್
vakchaturate,ವಾಕ್ಚತುರತೆ
lagnavagadirdode,ಲಗ್ನವಾಗದಿರ್ದೊಡೆ
aalakkilidaru,ಆಳಕ್ಕಿಳಿದರು
horaduttiddanteye,ಹೊರಡುತ್ತಿದ್ದಂತೆಯೇ
kalpisilaaguttide,ಕಲ್ಪಿಸಿಲಾಗುತ್ತಿದೆ
klemaada,ಕ್ಲೆಮಾದ
dhinwas,ಧಿನ್ವಾಸ್
jivagalanne,ಜೀವಗಳನ್ನೇ
miriyaadaroo,ಮೀರಿಯಾದರೂ
oggoodabahudemba,ಒಗ್ಗೂಡಬಹುದೆಂಬ
hongannadigadapugala,ಹೊಂಗನ್ನಡಿಗದಪುಗಳ
aringulada,ಅರಿಂಗುಳದ
belachawadi,ಬೆಳಚವಾಡಿ
presidentgala,ಪ್ರೆಸಿಡೆಂಟ್ಗಳ
daivipurusha,ದೈವಿಪುರುಷ
pangadadalli,ಪಂಗಡದಲ್ಲಿ
saakshyachitravannoo,ಸಾಕ್ಷ್ಯಚಿತ್ರವನ್ನೂ
kallatanavagiddu,ಕಳ್ಳತನವಾಗಿದ್ದು
bogardus,ಬೊಗಾರ್ಡಸ್
aranyavaasigalu,ಅರಣ್ಯವಾಸಿಗಳು
nenasikolluvante,ನೆನಸಿಕೊಳ್ಳುವಂತೆ
punaraarambhisuvudakke,ಪುನರಾರಂಭಿಸುವುದಕ್ಕೆ
seleyadu,ಸೆಲೆಯದು
neravaagiddaroo,ನೆರವಾಗಿದ್ದರೂ
janmabhoomiyaagiruva,ಜನ್ಮಭೂಮಿಯಾಗಿರುವ
gaaliyidirali,ಗಾಳಿಯಿದಿರಲಿ
trellisgalu,ಟ್ರೆಲ್ಲಿಸ್ಗಳು
koleyuttideyalla,ಕೊಳೆಯುತ್ತಿದೆಯಲ್ಲ
hottukollalaagade,ಹೊತ್ತುಕೊಳ್ಳಲಾಗದೆ
tilidiruvudarante,ತಿಳಿದಿರುವುದರಂತೆ
avanipuradalli,ಅವನಿಪುರದಲ್ಲಿ
sopore,ಸೊಪೊರ್
maadhvariddaare,ಮಾಧ್ವರಿದ್ದಾರೆ
bhediyaadalli,ಭೇದಿಯಾದಲ್ಲಿ
vishvaasadalliddaane,ವಿಶ್ವಾಸದಲ್ಲಿದ್ದಾನೆ
phildalli,ಫೀಲ್ದಲ್ಲಿ
aadigi,ಆಡಿಗಿ
kudureye,ಕುದುರೆಯೇ
sputavaada,ಸ್ಪುಟವಾದ
hanalli,ಹನಲ್ಲಿ
cheluvembudu,ಚೆಲುವೆಂಬುದು
adhyaksharagiddaare,ಅಧ್ಯಕ್ಷರಾಗಿದ್ದಾರೆ
horabandavaroo,ಹೊರಬಂದವರೂ
daanagalannu,ದಾನಗಳನ್ನು
sonuki,ಸೋನುಕಿ
adakkante,ಅದಕ್ಕಂತೆ
anusvaaranaagi,ಅನುಸ್ವಾರನಾಗಿ
durbalagondi,ದುರ್ಬಲಗೊಂಡಿ
vatavaranadalliddaga,ವಾತಾವರಣದಲ್ಲಿದ್ದಾಗ
charchisirutteve,ಚರ್ಚಿಸಿರುತ್ತೇವೆ
moolanaatakakke,ಮೂಲನಾಟಕಕ್ಕೆ
nigadiyaadaroo,ನಿಗದಿಯಾದರೂ
agogive,ಆಗೋಗಿವೆ
kampaniyagaliddu,ಕಂಪನಿಯಾಗಲಿದ್ದು
shubhadaayakavaagiralide,ಶುಭದಾಯಕವಾಗಿರಲಿದೆ
huttuttiddudu,ಹುಟ್ಟುತ್ತಿದ್ದುದು
dornan,ಡಾರ್ನ್
preraneyindagiye,ಪ್ರೇರಣೆಯಿಂದಾಗಿಯೇ
ekamukhavaaguttade,ಏಕಮುಖವಾಗುತ್ತದೆ
baalyaavastheyannu,ಬಾಲ್ಯಾವಸ್ಥೆಯನ್ನು
suvarnavidhaana,ಸುವರ್ಣವಿಧಾನ
satyapalaka,ಸತ್ಯಪಾಲಕ
ektaala,ಎಕ್ತಾಳ
khandisalaaguvudendu,ಖಂಡಿಸಲಾಗುವುದೆಂದು
sadbhalakeyaguttilla,ಸದ್ಭಳಕೆಯಾಗುತ್ತಿಲ್ಲ
paramapoojyarannu,ಪರಮಪೂಜ್ಯರನ್ನು
pitrudoshavannu,ಪಿತೃದೋಷವನ್ನು
sonography,ಸೋನೋಗ್ರಾಫಿ
kurier,ಕುರಿಯರ್
bechchagaaguvirendu,ಬೆಚ್ಚಗಾಗುವಿರೆಂದು
swajille,ಸ್ವಜಿಲ್ಲೆ
muttatodagidaru,ಮುತ್ತತೊಡಗಿದರು
parabhasheyannoo,ಪರಭಾಷೆಯನ್ನೂ
ananiah,ಅನನ್ಯಾ
kattadagalirali,ಕಟ್ಟಡಗಳಿರಲಿ
engineerings,ಎಂಜಿನಿಯರಿಂಗ್ಸ್
gruyen,ಗ್ರೂಯೆನ್
vidyaarthiyaadavaru,ವಿದ್ಯಾರ್ಥಿಯಾದವರು
kesiyinda,ಕೇಸಿಯಿಂದ
vikiranateyinda,ವಿಕಿರಣತೆಯಿಂದ
prayogavagiside,ಪ್ರಯೋಗವಾಗಿಸಿದೆ
chitrodyamakkagi,ಚಿತ್ರೋದ್ಯಮಕ್ಕಾಗಿ
mahatapasi,ಮಹಾತಾಪಸಿ
saadhisadiruvaaga,ಸಾಧಿಸದಿರುವಾಗ
tangiyillada,ತಂಗಿಯಿಲ್ಲದ
eejuttideyendu,ಈಜುತ್ತಿದೆಯೆಂದು
adhikana,ಅಧಿಕನ
yedrawkar,ಯೆಡ್ರಾವ್ಕರ್
kshaareeyavendu,ಕ್ಷಾರೀಯವೆಂದು
mataduvikeya,ಮಾತಾಡುವಿಕೆಯ
chandrasekhararavara,ಚಂದ್ರಶೇಖರರವರ
peredege,ಪೆರೆದೆಗೆ
rajashekarananda,ರಾಜಶೇಖರಾನಂದ
ustuvaariyaagiddaroo,ಉಸ್ತುವಾರಿಯಾಗಿದ್ದರೂ
viralaraaguttiddaare,ವಿರಳರಾಗುತ್ತಿದ್ದಾರೆ
ekareyashtaagide,ಎಕರೆಯಷ್ಟಾಗಿದೆ
horatavanu,ಹೊರಟವನು
evveribody,ಎವ್ವೆರಿಬಡಿ
sorikegalagive,ಸೋರಿಕೆಗಳಾಗಿವೆ
ondevarshadalli,ಒಂದೇವರ್ಷದಲ್ಲಿ
agers,ಎಜರ್ಸ್
maarpadisuvavaraagi,ಮಾರ್ಪಡಿಸುವವರಾಗಿ
hudukidudaralli,ಹುಡುಕಿದುದರಲ್ಲಿ
noduttiruvira,ನೋಡುತ್ತಿರುವಿರ
recoveepment,ರಿಕವಿಪ್ಮೆಂಟ್
chindiyagilla,ಚಿಂದಿಯಾಗಿಲ್ಲ
purvavikshisuttade,ಪೂರ್ವವೀಕ್ಷಿಸುತ್ತದೆ
aashvagalu,ಆಶ್ವಗಳು
kalasikottare,ಕಲಸಿಕೊಟ್ಟರೆ
parichayavirali,ಪರಿಚಯವಿರಲಿ
nintirali,ನಿಂತಿರಲಿ
kaibiduvavarege,ಕೈಬಿಡುವವರೆಗೆ
karunian,ಕರುನಿಯಾನ್
tirmaanaviddu,ತೀರ್ಮಾನವಿದ್ದು
aliyanobbanu,ಅಳಿಯನೊಬ್ಬನು
manjumaya,ಮಂಜುಮಯ
noduttiddeveyo,ನೋಡುತ್ತಿದ್ದೇವೆಯೋ
gaayakagaayaki,ಗಾಯಕಗಾಯಕಿ
leadership,ಲೀಡರ್ಷಿಪ್
navkiran,ನವಕಿರಣ್
spoortiyaagaballavu,ಸ್ಪೂರ್ತಿಯಾಗಬಲ್ಲವು
somannange,ಸೋಮಣ್ಣಂಗೆ
sratantrya,ಸ್ರಾತಂತ್ರ್ಯ
vichaaragaligaagi,ವಿಚಾರಗಳಿಗಾಗಿ
shrividyaganapatiya,ಶ್ರೀವಿದ್ಯಾಗಣಪತಿಯ
bhagavatikeyalliyu,ಭಾಗವತಿಕೆಯಲ್ಲಿಯೂ
holesi,ಹೊಲೆಸಿ
viphalagolluvavarege,ವಿಫಲಗೊಳ್ಳುವವರೆಗೆ
arabagatte,ಅರಬಗಟ್ಟೆ
suttuna,ಸುತ್ತುನ
kelavakka,ಕೆಲವಕ್ಕ
gorge,ಜಾರ್ಜ್
modalidandalu,ಮೊದಲಿದಂದಲೂ
taaviddu,ತಾವಿದ್ದು
maximavannu,ಮ್ಯಾಕ್ಸಿಮಾವನ್ನು
lpaduvudu,ಲ್ಪಡುವುದು
annislikke,ಅನ್ನಿಸ್ಲಿಕ್ಕೆ
ichchisuvudaagi,ಇಚ್ಛಿಸುವುದಾಗಿ
arambhagondru,ಆರಂಭಗೊಂಡ್ರು
anubhootiyaaguvudu,ಅನುಭೂತಿಯಾಗುವುದು
dhaamagaliruvudu,ಧಾಮಗಳಿರುವುದು
durbalaka,ದುರ್ಬಳಕ
suriyalaagittu,ಸುರಿಯಲಾಗಿತ್ತು
siguvavaralli,ಸಿಗುವವರಲ್ಲಿ
samshayavyaktapadisi,ಸಂಶಯವ್ಯಕ್ತಪಡಿಸಿ
horavalayagalatta,ಹೊರವಲಯಗಳತ್ತ
neravaguttare,ನೇರವಾಗುತ್ತಾರೆ
sustainable,ಸಸ್ಟೇಯ್ನಬಲ್
tiligolluvudu,ತಿಳಿಗೊಳ್ಳುವುದು
nidarshanakkendu,ನಿದರ್ಶನಕ್ಕೆಂದು
haakuvantaaguttade,ಹಾಕುವಂತಾಗುತ್ತದೆ
keralisadiruva,ಕೆರಳಿಸದಿರುವ
sarova,ಸರೋವ
kaadaadabeku,ಕಾದಾಡಬೇಕು
haranaaladalli,ಹರನಾಳದಲ್ಲಿ
svabhaavavittu,ಸ್ವಭಾವವಿತ್ತು
prachaaravondu,ಪ್ರಚಾರವೊಂದು
mailigondarante,ಮೈಲಿಗೊಂದರಂತೆ
paytmgay,ಪೇಟಿಎಂಗೇ
niranjanaraje,ನಿರಂಜನರಾಜೇ
tainge,ಟೈಂಗೆ
aaduvudendu,ಆಡುವುದೆಂದು
tadehididaru,ತಡೆಹಿಡಿದರು
mugilanne,ಮುಗಿಲನ್ನೆ
padavidararagirabeku,ಪದವೀದರರಾಗಿರಬೇಕು
rushed,ರಶ್ಡ್
mooshikanigoo,ಮೂಷಿಕನಿಗೂ
trisuttiddaru,ತ್ರಿಸುತ್ತಿದ್ದರು
vasagalu,ವಸಗಳು
kunadiddu,ಕುಣದಿದ್ದು
haridarashte,ಹರಿದರಷ್ಟೇ
nirdeshakarallina,ನಿರ್ದೇಶಕರಲ್ಲಿನ
kutumbajeevana,ಕುಟುಂಬಜೀವನ
akramisakollalu,ಆಕ್ರಮಿಸಕೊಳ್ಳಲು
pouwad,ಪೌವಾದ್
duradarshanakalavidaravi,ದೂರದರ್ಶನಕಲಾವಿದರವಿ
iralade,ಇರಲದೆ
nirdeshisuvudara,ನಿರ್ದೇಶಿಸುವುದರ
layadallide,ಲಯದಲ್ಲಿದೆ
sambhodisittu,ಸಂಭೋದಿಸಿತ್ತು
hesaranth,ಹೆಸರಾಂತ್
kotiyojana,ಕೋಟಿಯೋಜನ
mumadaagiddaare,ಮುಮದಾಗಿದ್ದಾರೆ
roopugondudu,ರೂಪುಗೊಂಡುದು
dantakatheyantiddaru,ದಂತಕಥೆಯಂತಿದ್ದರು
chendutigalu,ಚೆಂದುಟಿಗಳು
halliyavarendare,ಹಳ್ಳಿಯವರೆಂದರೆ
drudhikarisabekagittu,ದೃಢೀಕರಿಸಬೇಕಾಗಿತ್ತು
bundiyallina,ಬುಂದಿಯಲ್ಲಿನ
mussori,ಮುಸ್ಸೊರಿ
yogashikshaki,ಯೋಗಶಿಕ್ಷಕಿ
padalebekide,ಪಡಲೇಬೇಕಿದೆ
vyasanigalanteye,ವ್ಯಸನಿಗಳಂತೆಯೇ
vaidyariddu,ವೈದ್ಯರಿದ್ದು
hinthiruguva,ಹಿಂತಿರುಗುವ
saagisuttittu,ಸಾಗಿಸುತ್ತಿತ್ತು
hondivalu,ಹೊಂದಿವಳು
bageyalliruttave,ಬಗೆಯಲ್ಲಿರುತ್ತವೆ
odaki,ಒಡಕಿ
chaparnalli,ಚಾಪರ್ನಲ್ಲಿ
adellakku,ಅದೆಲ್ಲಕ್ಕು
vikendriyateya,ವಿಕೇಂದ್ರೀಯತೆಯ
toruvaro,ತೋರುವರೋ
gurutisidavarige,ಗುರುತಿಸಿದವರಿಗೆ
meetinggalalli,ಮೀಟಿಂಗ್ಗಳಲ್ಲಿ
yukegalalle,ಯುಕೆಗಳಲ್ಲೇ
nadeyuvudentu,ನಡೆಯುವುದೆಂತು
veerashaivarellam,ವೀರಶೈವರೆಲ್ಲಂ
ugamagolluva,ಉಗಮಗೊಳ್ಳುವ
aaphrikal,ಆಫ್ರಿಕಲ್
bichchabekaagutte,ಬಿಚ್ಚಬೇಕಾಗುತ್ತೆ
aruchikondu,ಅರುಚಿಕೊಂಡು
chaarisuva,ಚಾರಿಸುವ
shindholliyinda,ಶಿಂಧೊಳ್ಳಿಯಿಂದ
lakesetivgalu,ಲೇಕ್ಸೇಟಿವ್ಗಳು
niyamitagolisuvalliyu,ನಿಯಮಿತಗೊಳಿಸುವಲ್ಲಿಯೂ
hinneleyullavarinda,ಹಿನ್ನೆಲೆಯುಳ್ಳವರಿಂದ
halladavaregina,ಹಳ್ಳದವರೆಗಿನ
pektarara,ಪೆಕ್ಟರರ
apachaaravaaguttade,ಅಪಚಾರವಾಗುತ್ತದೆ
shesu,ಶೇಸು
yooniyanugalu,ಯೂನಿಯನುಗಳು
nambuvava,ನಂಬುವವ
nekkalendu,ನೆಕ್ಕಲೆಂದು
chunavanadhikariyavarada,ಚುನಾವಣಾಧಿಕಾರಿಯವರಾದ
asosiyesh,ಅಸೋಸಿಯೇಶ್
pathagalilla,ಪಾಠಗಳಿಲ್ಲ
parikshit,ಪರೀಕ್ಷಿತ
geregalalli,ಗೆರೆಗಳಲ್ಲಿ
mahaakaaliyannu,ಮಹಾಕಾಳಿಯನ್ನು
raftige,ರಫ್ತಿಗೆ
nirjanavagiruttade,ನಿರ್ಜನವಾಗಿರುತ್ತದೆ
abono,ಅಬೊನೊ
premasambandhavittu,ಪ್ರೇಮಸಂಬಂಧವಿತ್ತು
aniketanada,ಅನಿಕೇತನದ
shronitatmasangadinda,ಶ್ರೋಣಿತಾತ್ಮಸಂಗದಿಂದ
maadideyalle,ಮಾಡಿದೆಯಲ್ಲೇ
arivaguttade,ಅರಿವಾಗುತ್ತದೆ
paramaaraadhyaru,ಪರಮಾರಾಧ್ಯರು
kalmadiyinda,ಕಲ್ಮಾಡಿಯಿಂದ
gocharadinda,ಗೋಚರದಿಂದ
onagitta,ಒಣಗಿತ್ತ
manekelasadavaroo,ಮನೆಕೆಲಸದವರೂ
tirmaanavaagirabahudu,ತೀರ್ಮಾನವಾಗಿರಬಹುದು
misaliduttive,ಮೀಸಲಿಡುತ್ತಿವೆ
hataraagiddaagi,ಹತರಾಗಿದ್ದಾಗಿ
plaatugalannu,ಪ್ಲಾಟುಗಳನ್ನು
khaayileyiralilla,ಖಾಯಿಲೆಯಿರಲಿಲ್ಲ
guturuhakutta,ಗುಟುರುಹಾಕುತ್ತ
chintisadantaha,ಚಿಂತಿಸದಂತಹ
bannaveke,ಬಣ್ಣವೇಕೆ
tindaddarinda,ತಿಂದದ್ದರಿಂದ
nooluvantirabeku,ನೂಲುವಂತಿರಬೇಕು
satprajegalagi,ಸತ್ಪ್ರಜೆಗಳಾಗಿ
aangikateya,ಆಂಗಿಕತೆಯ
pariharakjagi,ಪರಿಹಾರಕ್ಜಾಗಿ
munnadeyutti,ಮುನ್ನಡೆಯುತ್ತಿ
panikar,ಪಣಿಕರ್
kaanuttalendanu,ಕಾಣುತ್ತಲೆಂದನು
menalose,ಮೆನಲೋಸ್
niyamitavaagiddu,ನಿಯಮಿತವಾಗಿದ್ದು
naachikoltiddaarante,ನಾಚಿಕೊಳ್ತಿದ್ದಾರಂತೆ
baredi,ಬರೆಡಿ
laabhavetti,ಲಾಭವೆತ್ತಿ
kautakam,ಕೌತಕಂ
kesarugatte,ಕೆಸರುಗಟ್ಟೆ
sukhadaayakavaagiyu,ಸುಖದಾಯಕವಾಗಿಯೂ
janapriyavadaddallade,ಜನಪ್ರಿಯವಾದದ್ದಲ್ಲದೆ
saarajanakakkinta,ಸಾರಜನಕಕ್ಕಿಂತ
smashaanavaadaru,ಸ್ಮಶಾನವಾದರೂ
kadimeyaagabaaradendu,ಕಡಿಮೆಯಾಗಬಾರದೆಂದು
sungai,ಸುಂಗೈ
rajyapalyam,ರಾಜ್ಯಪಾಳ್ಯಂ
varshadavarendu,ವರ್ಷದವರೆಂದು
kaluhisiddavana,ಕಳುಹಿಸಿದ್ದವನ
vruddhigonditu,ವೃದ್ಧಿಗೊಂಡಿತು
gruhabandhi,ಗೃಹಬಂಧಿ
dischargenantaha,ಡಿಸ್ಚಾರ್ಜ್ನಂತಹ
biship,ಬಿಷಿಪ್
bediddannella,ಬೇಡಿದ್ದನ್ನೆಲ್ಲ
daasaralloo,ದಾಸರಲ್ಲೂ
doddakereyu,ದೊಡ್ಡಕೆರೆಯು
bichana,ಬೀಚನ
gouravisidagale,ಗೌರವಿಸಿದಾಗಲೇ
alvesathletic,ಆಲ್ವೆಸ್ಅಥ್ಲೆಟಿಕ್
svaradhaarege,ಸ್ವರಧಾರೆಗೆ
walia,ವಾಲಾ
vaadyadavarege,ವಾದ್ಯದವರೆಗೆ
maditte,ಮಾಡಿಟ್ಟೆ
chritrikarisiddu,ಚ್ರಿತ್ರೀಕರಿಸಿದ್ದು
maseyuvaaga,ಮಸೆಯುವಾಗ
saalumaragale,ಸಾಲುಮರಗಳೇ
kodabahudennuva,ಕೊಡಬಹುದೆನ್ನುವ
huddersfield,ಹಡ್ಡರ್ಸ್ಫೀಲ್ಡ್
karunangapriya,ಕರುಣಾಂಗಪ್ರಿಯ
tevaamshavilladiddare,ತೇವಾಂಶವಿಲ್ಲದಿದ್ದರೆ
sambandhisidu,ಸಂಬಂಧಿಸಿದು
sadrudhavannagisalu,ಸದೃಢವನ್ನಾಗಿಸಲು
ghisadi,ಘೀಸಾಡಿ
hiles,ಹೈಲ್ಸ್
jinkegalinda,ಜಿಂಕೆಗಳಿಂದ
kariyappanige,ಕರಿಯಪ್ಪನಿಗೆ
kathanavondannu,ಕಥನವೊಂದನ್ನು
saahebaridda,ಸಾಹೇಬರಿದ್ದ
kumaaravruttiyinda,ಕುಮಾರವೃತ್ತಿಯಿಂದ
pratyakshaanubhavadinda,ಪ್ರತ್ಯಕ್ಷಾನುಭವದಿಂದ
mulugeluttidde,ಮುಳುಗೇಳುತ್ತಿದ್ದೆ
ilakheyottige,ಇಲಾಖೆಯೊಟ್ಟಿಗೆ
tinutaade,ತಿನುತಾದೆ
paaraagiddarinda,ಪಾರಾಗಿದ್ದರಿಂದ
atmadrohi,ಆತ್ಮದ್ರೋಹಿ
edurinapandyadalli,ಎದುರಿನಪಂದ್ಯದಲ್ಲಿ
villies,ವಿಲೀಸ್
alvapuram,ಅಲ್ವಾಪುರಂ
raajakeeyakshetrakke,ರಾಜಕೀಯಕ್ಷೇತ್ರಕ್ಕೆ
sakalavastugala,ಸಕಲವಸ್ತುಗಳ
shishusaahityada,ಶಿಶುಸಾಹಿತ್ಯದ
entaradalli,ಎಂತರದಲ್ಲಿ
sainyave,ಸೈನ್ಯವೆ
durgeye,ದುರ್ಗೆಯೆ
kayipallegalalli,ಕಾಯಿಪಲ್ಲೆಗಳಲ್ಲಿ
chaapraadalli,ಚಾಪ್ರಾದಲ್ಲಿ
abbakkanallah,ಅಬ್ಬಕ್ಕನಲ್ಲಾ
siddhapadisuvude,ಸಿದ್ಧಪಡಿಸುವುದೇ
pistulya,ಪಿಸ್ತೂಲ್ಯ
jalligala,ಜಲ್ಲಿಗಳ
divyaharamam,ದಿವ್ಯಾಹಾರಮಂ
patragaliruvudilla,ಪಾತ್ರಗಳಿರುವುದಿಲ್ಲ
krishnarajapurakke,ಕೃಷ್ಣರಾಜಪುರಕ್ಕೆ
plastid,ಪ್ಲಾಸ್ಟಿಡ್
nirinavarege,ನೀರಿನವರೆಗೆ
kuggihogiddaane,ಕುಗ್ಗಿಹೋಗಿದ್ದಾನೆ
olatvacheyallina,ಒಳತ್ವಚೆಯಲ್ಲಿನ
samayavaritu,ಸಮಯವರಿತು
hariginadoni,ಹರಿಗಿನದೋಣಿ
tuppavaadaru,ತುಪ್ಪವಾದರು
haadugaliddavo,ಹಾಡುಗಳಿದ್ದವೋ
hogadiruvaga,ಹೋಗದಿರುವಾಗ
maahitiyarita,ಮಾಹಿತಿಯರಿತ
kaalejallella,ಕಾಲೇಜಲ್ಲೆಲ್ಲ
kashtaveya,ಕಷ್ಟವೇಯ
phycology,ಫೈಕಾಲಜಿ
kaaryamaaduttene,ಕಾರ್ಯಮಾಡುತ್ತೇನೆ
utkarshanakaari,ಉತ್ಕರ್ಷಣಕಾರಿ
hoyitallade,ಹೋಯಿತಲ್ಲದೇ
horadisuttidda,ಹೊರಡಿಸುತ್ತಿದ್ದ
pitadhikarigala,ಪೀಠಾಧಿಕಾರಿಗಳ
aaduvagu,ಆಡುವಾಗು
uchitagolisi,ಉಚಿತಗೊಳಿಸಿ
sriramadevalayakke,ಶ್ರೀರಾಮದೇವಾಲಯಕ್ಕೆ
jayarame,ಜಯರಾಮೆ
bhayasodu,ಭಯಸೋದು
pettiyangadi,ಪೆಟ್ಟಿಯಂಗಡಿ
jamaayisadante,ಜಮಾಯಿಸದಂತೆ
nadesuttiddarashte,ನಡೆಸುತ್ತಿದ್ದರಷ್ಟೆ
chikkarangegoudara,ಚಿಕ್ಕರಂಗೇಗೌಡರ
harijanannu,ಹರಿಜನನ್ನು
sulisade,ಸುಲಿಸದೆ
auaf,ಎಯುಎಎಫ್
vichalitanaadaroo,ವಿಚಲಿತನಾದರೂ
banavantadevige,ಬನವಂತಾದೇವಿಗೆ
drudhavaniyim,ದೃಢವಾಣಿಯಿಂ
chinmayanandaru,ಚಿನ್ಮಯಾನಂದರು
siddhaantadalliyoo,ಸಿದ್ಧಾಂತದಲ್ಲಿಯೂ
jalashayamattadalli,ಜಲಾಶಯಮಟ್ಟದಲ್ಲಿ
kemminjege,ಕೆಮ್ಮಿಂಜೆಗೆ
hambalisuvudaralli,ಹಂಬಲಿಸುವುದರಲ್ಲಿ
ugiyantrada,ಉಗಿಯಂತ್ರದ
enderle,ಎಂಡರ್ಲೆ
edavattugalaaguttive,ಎಡವಟ್ಟುಗಳಾಗುತ್ತಿವೆ
nillisuvade,ನಿಲ್ಲಿಸುವದೇ
savaalaagabaaradu,ಸವಾಲಾಗಬಾರದು
novundiddaru,ನೋವುಂಡಿದ್ದರೂ
andendigintaloo,ಅಂದೆಂದಿಗಿಂತಲೂ
kuchalu,ಕುಚಲು
vilambavoo,ವಿಳಂಬವೂ
aksharagalellavu,ಅಕ್ಷರಗಳೆಲ್ಲವೂ
gujararat,ಗುಜರಾರತ್
udugisibiduttade,ಉಡುಗಿಸಿಬಿಡುತ್ತದೆ
praarambhavaaguvudakke,ಪ್ರಾರಂಭವಾಗುವುದಕ್ಕೆ
poushtikaamshadavu,ಪೌಷ್ಟಿಕಾಂಶದವು
kaaryaviralilla,ಕಾರ್ಯವಿರಲಿಲ್ಲ
agiddirabekemba,ಆಗಿದ್ದಿರಬೇಕೆಂಬ
nazmeen,ನಜ್ಮೀನ್
adhiraajanige,ಅಧಿರಾಜನಿಗೆ
baalaleelegalannu,ಬಾಲಲೀಲೆಗಳನ್ನು
maidaanadante,ಮೈದಾನದಂತೆ
naastikanaagiddaru,ನಾಸ್ತಿಕನಾಗಿದ್ದರೂ
jalagombina,ಜಲಗೊಂಬಿನ
torisiwe,ತೋರಿಸಿವೆ
aaspatreyagala,ಆಸ್ಪತ್ರೆಯಗಳ
unnatikariside,ಉನ್ನತಿಕರಿಸಿದೆ
rosasiyondige,ರೋಸಾಸಿಯೊಂದಿಗೆ
antifungus,ಆಂಟಿಫಂಗಸ್
lakshanaadhaarita,ಲಕ್ಷಣಾಧಾರಿತ
buxkin,ಬಕ್ಸ್ಕಿನ್
ninneyaddenalla,ನಿನ್ನೆಯದ್ದೇನಲ್ಲ
nishpaapada,ನಿಷ್ಪಾಪದ
buddhimaandhyatege,ಬುದ್ಧಿಮಾಂಧ್ಯತೆಗೆ
nemisuvudillavendu,ನೇಮಿಸುವುದಿಲ್ಲವೆಂದು
addikodu,ಅದ್ದಿಕೊಡು
tagulisikolluttaare,ತಗುಲಿಸಿಕೊಳ್ಳುತ್ತಾರೆ
barabekantalu,ಬರಬೇಕಂತಲೂ
samaradalliruva,ಸಮರದಲ್ಲಿರುವ
usiraaduvikegu,ಉಸಿರಾಡುವಿಕೆಗೂ
kallukoregalu,ಕಲ್ಲುಕೋರೆಗಳು
anahutakariyagi,ಅನಾಹುತಕಾರಿಯಾಗಿ
horabiddiruvudannu,ಹೊರಬಿದ್ದಿರುವುದನ್ನು
rasma,ರಸ್ಮಾ
badalaayisiveye,ಬದಲಾಯಿಸಿವೆಯೇ
kusugallaravaru,ಕುಸುಗಲ್ಲರವರು
ghrutavannoo,ಘೃತವನ್ನೂ
chikkadagisida,ಚಿಕ್ಕದಾಗಿಸಿದ
hypugaliruva,ಹೈಪುಗಳಿರುವ
kanisabekadare,ಕಾಣಿಸಬೇಕಾದರೆ
priyanjali,ಪ್ರಿಯಾಂಜಲಿ
hulisihigalonde,ಹುಳಿಸಿಹಿಗಳೊಂದೆ
shivajogi,ಶಿವಜೋಗಿ
onagidirendu,ಒಣಗಿದಿರೆಂದು
vishrami,ವಿಶ್ರಮಿ
barbadence,ಬಾರ್ಬಡೆನ್ಸ್
adakat,ಅಡಕತ್
halagegalendu,ಹಲಗೆಗಳೆಂದು
islaamada,ಇಸ್ಲಾಮದ
echcharavaagiddaru,ಎಚ್ಚರವಾಗಿದ್ದರು
mahatsaadaneya,ಮಹತ್ಸಾದನೆಯ
badsu,ಬಡ್ಸು
mahaakaavyavondannu,ಮಹಾಕಾವ್ಯವೊಂದನ್ನು
katasaraja,ಕಟಸರಾಜ
salowe,ಸಲೋವೆ
navidannella,ನಾವಿದನ್ನೆಲ್ಲ
naayakanaddaagide,ನಾಯಕನದ್ದಾಗಿದೆ
panchalingesha,ಪಂಚಲಿಂಗೇಶ
gandhiyeno,ಗಾಂಧಿಯೇನೋ
maadalillavendu,ಮಾಡಲಿಲ್ಲವೆಂದು
neraveridyante,ನೆರವೇರಿದ್ಯಂತೆ
kaaryagatavaaga,ಕಾರ್ಯಗತವಾಗ
rasidi,ರಸೀದಿ
nirdhaavaagalide,ನಿರ್ಧಾವಾಗಲಿದೆ
manisikondiddaare,ಮನಿಸಿಕೊಂಡಿದ್ದಾರೆ
carolgalannu,ಕ್ಯಾರೊಲ್ಗಳನ್ನು
pragatiparavagideye,ಪ್ರಗತಿಪರವಾಗಿದೆಯೇ
ddhati,ದ್ಧತಿ
curtin,ಕರ್ಟಿನ್
shikpakhatir,ಶಿಕ್ಪಾಖಾತಿರ್
gymnastru,ಜಿಮ್ನಾಸ್ಟ್ರು
vaidikatvave,ವೈದಿಕತ್ವವೇ
ficock,ಫಿಕಾಕ್
haravariyalli,ಹರವರಿಯಲ್ಲಿ
parinaamaviruttade,ಪರಿಣಾಮವಿರುತ್ತದೆ
aacharasuvudu,ಆಚರಸುವುದು
prakashasvaroopanaada,ಪ್ರಕಾಶಸ್ವರೂಪನಾದ
varnadravyagalannoo,ವರ್ಣದ್ರವ್ಯಗಳನ್ನೂ
prashamshaarhavaagide,ಪ್ರಶಂಶಾರ್ಹವಾಗಿದೆ
vaidyarillallade,ವೈದ್ಯರಿಲ್ಲಲ್ಲದೆ
prapullateyinda,ಪ್ರಪುಲ್ಲತೆಯಿಂದ
stadigalannu,ಸ್ಟಡಿಗಳನ್ನು
ilisoru,ಇಳಿಸೋರು
keduttiddarinda,ಕೆಡುತ್ತಿದ್ದರಿಂದ
labhisuttave,ಲಭಿಸುತ್ತವೆ
avyavahaaradalliyu,ಅವ್ಯವಹಾರದಲ್ಲಿಯೂ
horahodavara,ಹೊರಹೋದವರ
sahitamaada,ಸಹಿತಮಾದ
tapered,ಟೇಪರ್ಡ್
nidivaro,ನೀಡಿವರೋ
madhyalayadalli,ಮಧ್ಯಲಯದಲ್ಲಿ
randhrakoreyuva,ರಂಧ್ರಕೊರೆಯುವ
ekatragolisaballa,ಏಕಾತ್ರಗೊಳಿಸಬಲ್ಲ
partu,ಪಾರ್ಟು
natisuttiruvadu,ನಟಿಸುತ್ತಿರುವದು
valliyur,ವಳ್ಳಿಯೂರ್
inthaddide,ಇಂಥದ್ದಿದೆ
bandhitana,ಬಂಧಿತನ
aatithyavillade,ಆತಿಥ್ಯವಿಲ್ಲದೆ
aramaneyagidda,ಅರಮನೆಯಾಗಿದ್ದ
taradalliruva,ತರದಲ್ಲಿರುವ
sadariyavarige,ಸದರಿಯವರಿಗೆ
srujisaballadu,ಸೃಜಿಸಬಲ್ಲದು
aravattarada,ಅರವತ್ತರದ
maleshyaadondige,ಮಲೇಶ್ಯಾದೊಂದಿಗೆ
shitagondu,ಶೀತಗೊಂಡು
bhavaiah,ಭಾವಯ್ಯ
hostilajjiyannu,ಹೊಸ್ತಿಲಜ್ಜಿಯನ್ನು
kittogeyali,ಕಿತ್ತೊಗೆಯಲಿ
gamanisuttiddene,ಗಮನಿಸುತ್ತಿದ್ದೇನೆ
siddaprabhu,ಸಿದ್ದಪ್ರಭು
heggadaala,ಹೆಗ್ಗಡಾಳ
mantradandadante,ಮಂತ್ರದಂಡದಂತೆ
dooruga,ದೂರುಗ
kaaranareno,ಕಾರಣರೇನೋ
virpudanaaroo,ವಿರ್ಪುದನಾರೂ
borussia,ಬೊರುಸ್ಸಿಯಾ
jivisiralu,ಜೀವಿಸಿರಲು
nammejamanaru,ನಮ್ಮೆಜಮಾನರು
niiduteene,ನೀಡುತೇನೆ
tatvamariyatarama,ತತ್ವಮರಿಯತರಮ
praakaaraviruva,ಪ್ರಾಕಾರವಿರುವ
mathon,ಮ್ಯಾಥನ್
kaliyum,ಕಲಿಯುಂ
apakalpanegalive,ಅಪಕಲ್ಪನೆಗಳಿವೆ
gadegalinda,ಗದೆಗಳಿಂದ
tegevuta,ತೆಗೆವುತ
maharshiyaru,ಮಹರ್ಷಿಯರು
bhasavaguttiralilla,ಭಾಸವಾಗುತ್ತಿರಲಿಲ್ಲ
surannashte,ಸೂರನ್ನಷ್ಟೇ
kayutta,ಕಾಯುತ್ತಾ
grahanavadaga,ಗ್ರಹಣವಾದಾಗ
nematodes,ನೆಮಾಟೋಡ್ಸ್
deenadalitaru,ದೀನದಲಿತರು
horizantedalli,ಹೊರಿಜಾಂಟೆದಲ್ಲಿ
apartumentugalalli,ಅಪಾರ್ಟುಮೆಂಟುಗಳಲ್ಲಿ
gocharisirabeda,ಗೋಚರಿಸಿರಬೇಡ
pithaatyaaga,ಪೀಠಾತ್ಯಾಗ
sanghamadi,ಸಂಘಮಾಡಿ
viksakaru,ವೀಕ್ಷಕರು
naukararage,ನೌಕರರಗೆ
cbyannu,ಸಿಬಿಯನ್ನು
burutarada,ಬುರುತರದ
nanasaagisive,ನನಸಾಗಿಸಿವೆ
bhadraadadalli,ಭದ್ರಾದದಲ್ಲಿ
ramanagarajille,ರಾಮನಗರಜಿಲ್ಲೆ
tottiyil,ತೊಟ್ಟಿಯಿಲ್
nannindenannoo,ನನ್ನಿಂದೇನನ್ನೂ
sabheyallimanavi,ಸಭೆಯಲ್ಲಿಮನವಿ
uurigomme,ಊರಿಗೊಮ್ಮೆ
namakavastheyagi,ನಾಮಕಾವಸ್ಥೆಯಾಗಿ
tirthaabhimaani,ತೀರ್ಥಾಭಿಮಾನಿ
kunduruva,ಕುಂಡುರುವ
payanisabekadare,ಪಯಣಿಸಬೇಕಾದರೆ
shankisaloo,ಶಂಕಿಸಲೂ
doddonu,ದೊಡ್ಡೋನು
himmeladavarinda,ಹಿಮ್ಮೇಳದವರಿಂದ
kelya,ಕೆಲ್ಯಾ
datapro,ಡಾಟಾಪ್ರೋ
gaalisu,ಗಾಳಿಸು
hanasangrahisalu,ಹಣಸಂಗ್ರಹಿಸಲು
machkondu,ಮಚ್ಕೊಂಡು
uhisuvavara,ಊಹಿಸುವವರ
guttala,ಗುಟ್ಟಲಾ
hiditadalliddaru,ಹಿಡಿತದಲ್ಲಿದ್ದರು
tatasthagolisuvudilla,ತಟಸ್ಥಗೊಳಿಸುವುದಿಲ್ಲ
sankirnavaguttive,ಸಂಕೀರ್ಣವಾಗುತ್ತಿವೆ
turtusthitigintaloo,ತುರ್ತುಸ್ಥಿತಿಗಿಂತಲೂ
neegata,ನೀಗಟ
arakshateya,ಅರಕ್ಷತೆಯ
katige,ಕತಿಗೆ
kadiyuvenu,ಕಡಿಯುವೆನು
oggisabeke,ಒಗ್ಗಿಸಬೇಕೆ
akkareyaagi,ಅಕ್ಕರೆಯಾಗಿ
mexifin,ಮೆಕ್ಸಿಫಿನ್
vidyaabaladinda,ವಿದ್ಯಾಬಲದಿಂದ
jetliyolage,ಜೇಟ್ಲಿಯೊಳಗೆ
bareyalagutthade,ಬರೆಯಲಾಗುತ್ತದೆ
georkhand,ಜಾರ್ಖಂಡ್
kakkatayit,ಕಕ್ಕಟಾಯಿತ್
vivekigalige,ವಿವೇಕಿಗಳಿಗೆ
kangessannu,ಕಾಂಗೆಸ್ಸನ್ನು
ninttaru,ನಿಂತ್ತರು
baralisalu,ಬರಲಿಸಲು
nenapisuvantahudu,ನೆನಪಿಸುವಂತಹುದು
bhasmavaadaroo,ಭಸ್ಮವಾದರೂ
thiruvallavar,ತಿರುವಳ್ಳವರ್
belsomavannu,ಬೆಲ್ಸೊಮವನ್ನು
pretaadi,ಪ್ರೇತಾದಿ
viparitaviddu,ವಿಪರೀತವಿದ್ದು
suraraga,ಸುರರಾಗ
aamade,ಆಮದೆ
talupisuttaaremba,ತಲುಪಿಸುತ್ತಾರೆಂಬ
mannumaadalaagidda,ಮಣ್ಣುಮಾಡಲಾಗಿದ್ದ
bhoodrushyagalante,ಭೂದೃಶ್ಯಗಳಂತೆ
vagyuddhakke,ವಾಗ್ಯುದ್ಧಕ್ಕೆ
haadinalliye,ಹಾಡಿನಲ್ಲಿಯೇ
devamacchi,ದೇವಮಚ್ಚಿ
tilakah,ತಿಲಕಃ
rekhegalanteye,ರೇಖೆಗಳಂತೆಯೇ
secretara,ಸೆಕ್ರೆಟರ
allaadisutta,ಅಲ್ಲಾಡಿಸುತ್ತ
hanedukonda,ಹಣೆದುಕೊಂಡ
kelasamaaduttiruva,ಕೆಲಸಮಾಡುತ್ತಿರುವ
hechchuttitu,ಹೆಚ್ಚುತ್ತಿತು
kashtapattiddoo,ಕಷ್ಟಪಟ್ಟಿದ್ದೂ
rachegala,ರಚೆಗಳ
penzac,ಪೆನ್ಜಾಕ್
anjangiri,ಅಂಜನಗಿರಿ
veeraamada,ವೀರಾಮದ
kodigal,ಕೋಡಿಗಲ್
sushikshitavaada,ಸುಶಿಕ್ಷಿತವಾದ
hulasuru,ಹುಲಸೂರು
roddaamnalli,ರೊದ್ದಾಂನಲ್ಲಿ
aarambhisibittitu,ಆರಂಭಿಸಿಬಿಟ್ಟಿತು
shuntikopparavaru,ಶುಂಠಿಕೊಪ್ಪರವರು
tondaregalanteye,ತೊಂದರೆಗಳಂತೆಯೇ
kannadigarenisiddaare,ಕನ್ನಡಿಗರೆನಿಸಿದ್ದಾರೆ
harshavardhanara,ಹರ್ಷವರ್ಧನರ
jalanidhiyu,ಜಲನಿಧಿಯು
molambi,ಮೊಲಂಬಿ
bangaaladallondu,ಬಂಗಾಳದಲ್ಲೊಂದು
superfosphate,ಸೂಪರ್ಫಾಸ್ಫೇಟ್
channanjayya,ಚನ್ನಂಜಯ್ಯ
ayvattakkoo,ಅಯ್ವತ್ತಕ್ಕೂ
chellamma,ಚೆಲ್ಲಮ್ಮಾ
balakegashte,ಬಳಕೆಗಷ್ಟೇ
bereyee,ಬೇರೆಯೇ
aadibhaagada,ಆದಿಭಾಗದ
pruthvivallabha,ಪೃಥ್ವೀವಲ್ಲಭ
jillarangamandiradalli,ಜಿಲ್ಲಾರಂಗಮಂದಿರದಲ್ಲಿ
valliyammai,ವಲ್ಲಿಯಮ್ಮೈ
kochar,ಕೊಚಾರ್
khushiyago,ಖುಷಿಯಾಗೋ
guheyagide,ಗುಹೆಯಾಗಿದೆ
naamaavasheshavaagiruva,ನಾಮಾವಶೇಷವಾಗಿರುವ
kanikaraneeyavaagi,ಕನಿಕರಣೀಯವಾಗಿ
biluttiruvavaru,ಬೀಳುತ್ತಿರುವವರು
saaraayipaalyada,ಸಾರಾಯಿಪಾಳ್ಯದ
mandaanilavu,ಮಂದಾನಿಲವು
bhedagalannenisadeye,ಭೇದಗಳನ್ನೆಣಿಸದೆಯೆ
capassis,ಕ್ಯಾಪಾಸಿಸ್
varshagalallindaloo,ವರ್ಷಗಳಲ್ಲಿಂದಲೂ
hitaarthavaagiyoo,ಹಿತಾರ್ಥವಾಗಿಯೂ
horataruttaa,ಹೊರತರುತ್ತಾ
ullekhisadiruva,ಉಲ್ಲೇಖಿಸದಿರುವ
baramadikolluttidda,ಬರಮಾಡಿಕೊಳ್ಳುತ್ತಿದ್ದ
ninthkanda,ನಿಂತ್ಕಂಡ
jiyangsiyalliruva,ಜಿಯಾಂಗ್ಸಿಯಲ್ಲಿರುವ
alavadisikolluvallina,ಅಳವಡಿಸಿಕೊಳ್ಳುವಲ್ಲಿನ
mantradeeksheyannu,ಮಂತ್ರದೀಕ್ಷೆಯನ್ನು
bondre,ಬೊಂದ್ರೆ
dabaayisuva,ದಬಾಯಿಸುವ
nenapisadiddare,ನೆನಪಿಸದಿದ್ದರೆ
shaivadharmakke,ಶೈವಧರ್ಮಕ್ಕೆ
metotian,ಮೆಟೋಷಿಯನ್
annisikondonu,ಅನ್ನಿಸಿಕೊಂಡೋನು
hedgewar,ಹೆಡ್ಗೇವಾರ್
parataapa,ಪರತಾಪ
haraajugalaagive,ಹರಾಜುಗಳಾಗಿವೆ
yahoodyarinda,ಯಹೂದ್ಯರಿಂದ
beteyaadidante,ಬೇಟೆಯಾಡಿದಂತೆ
vidiyoga,ವಿಡಿಯೋಗ
vaahanagalindaaguva,ವಾಹನಗಳಿಂದಾಗುವ
kagegalinda,ಕಾಗೆಗಳಿಂದ
heppugattadiruvudu,ಹೆಪ್ಪುಗಟ್ಟದಿರುವುದು
pugro,ಪುಗ್ರೋ
baibalgaagi,ಬೈಬಲ್ಗಾಗಿ
lakeview,ಲೇಕ್ವ್ಯೂ
dhwanimudranagalallina,ಧ್ವನಿಮುದ್ರಣಗಳಲ್ಲಿನ
madkondini,ಮಾಡ್ಕೊಂಡಿನಿ
aradhakanalla,ಆರಾಧಕನಲ್ಲ
kittiyagi,ಕಿಟ್ಟಿಯಾಗಿ
anushkaanoo,ಅನುಷ್ಕಾನೂ
vimarshakarellaru,ವಿಮರ್ಶಕರೆಲ್ಲರೂ
hogaliddaleye,ಹೋಗಲಿದ್ದಾಳೆಯೇ
kshudradevateya,ಕ್ಷುದ್ರದೇವತೆಯ
balburney,ಬ್ಯಾಲ್ಬರ್ನಿ
soudhagalalli,ಸೌಧಗಳಲ್ಲಿ
geddakshana,ಗೆದ್ದಾಕ್ಷಣ
prayatnisiruvaru,ಪ್ರಯತ್ನಿಸಿರುವರು
dooradarshakaviddare,ದೂರದರ್ಶಕವಿದ್ದರೆ
hottaki,ಹೊತ್ತಾಕಿ
immunodeficiency,ಇಮ್ಯುನೋಡೆಫಿಶಿಯೆನ್ಸಿ
nakshatravagiye,ನಕ್ಷತ್ರವಾಗಿಯೇ
arthapoornate,ಅರ್ಥಪೂರ್ಣತೆ
incracts,ಇಂಕ್ರಾಕ್ಟ್ಸ್
prayaga,ಪ್ರಯಗಾ
rakshanagende,ರಕ್ಷಣಗೆಂದೇ
kedisikolluvudarinda,ಕೆಡಿಸಿಕೊಳ್ಳುವುದರಿಂದ
mukhandannu,ಮುಖಂಡನ್ನು
taledoogadavarilla,ತಲೆದೂಗದವರಿಲ್ಲ
marupraveshavannu,ಮರುಪ್ರವೇಶವನ್ನು
aashcharyakaravallave,ಆಶ್ಚರ್ಯಕರವಲ್ಲವೇ
angaamshaduddakkoo,ಅಂಗಾಂಶದುದ್ದಕ್ಕೂ
chatuvatikeyantha,ಚಟುವಟಿಕೆಯಂಥ
vidyavanteyannagi,ವಿದ್ಯಾವಂತೆಯನ್ನಾಗಿ
langadante,ಲಂಗದಂತೆ
haadigeledu,ಹಾದಿಗೆಳೆದು
kattiddavanige,ಕಟ್ಟಿದ್ದವನಿಗೆ
joteguduvudakke,ಜೊತೆಗೂಡುವುದಕ್ಕೆ
utkarshanakaarigalu,ಉತ್ಕರ್ಷಣಕಾರಿಗಳು
nishedhavaguttide,ನಿಷೇಧವಾಗುತ್ತಿದೆ
abhivarnisuttade,ಅಭಿವರ್ಣಿಸುತ್ತದೆ
paalimaidninda,ಪಾಲಿಮೈಡ್ನಿಂದ
sadanandana,ಸದಾನಂದನ
andure,ಅಂದುರೆ
krushikarigendu,ಕೃಷಿಕರಿಗೆಂದು
chammatikeyali,ಚಮ್ಮಟಿಕೆಯಲಿ
ashtavinayaka,ಅಷ್ಟವಿನಾಯಕ
matanadisuvudakkappa,ಮಾತನಾಡಿಸುವುದಕ್ಕಪ್ಪ
srimantanagabekemba,ಶ್ರೀಮಂತನಾಗಬೇಕೆಂಬ
gnanarjanegaida,ಜ್ಞಾನಾರ್ಜನೆಗೈದ
hudugiyaagiddalu,ಹುಡುಗಿಯಾಗಿದ್ದಳು
ennuvudenaadaroo,ಎನ್ನುವುದೇನಾದರೂ
phalapushpagalanittu,ಫಲಪುಷ್ಪಗಳನಿತ್ತು
todadiddaroo,ತೊಡದಿದ್ದರೂ
masool,ಮಸೂಲ್
anvayavaguttide,ಅನ್ವಯವಾಗುತ್ತಿದೆ
ishaan,ಇಷಾನ್
raddugolisittallade,ರದ್ದುಗೊಳಿಸಿತ್ತಲ್ಲದೆ
haajaraaguttiddaru,ಹಾಜರಾಗುತ್ತಿದ್ದರು
bandhamuktagolisidanu,ಬಂಧಮುಕ್ತಗೊಳಿಸಿದನು
hindiruguvanendu,ಹಿಂದಿರುಗುವನೆಂದು
ceremaneyallittu,ಸೆರೆಮನೆಯಲ್ಲಿಟ್ಟು
nuchchaguvudilla,ನುಚ್ಚಾಗುವುದಿಲ್ಲ
sevisaliddu,ಸೇವಿಸಲಿದ್ದು
anerismum,ಅನೆರಿಸ್ಮಮ್
aayaamannu,ಆಯಾಮನ್ನು
samaanavaagiralu,ಸಮಾನವಾಗಿರಲು
taakalaaduttiruva,ತಾಕಲಾಡುತ್ತಿರುವ
paramatmanige,ಪರಮಾತ್ಮನಿಗೆ
tandodduvantahudu,ತಂದೊಡ್ಡುವಂತಹುದು
aidondla,ಐದೊಂದ್ಲ
sridegulakke,ಶ್ರೀದೇಗುಳಕ್ಕೆ
namagenante,ನಮಗೇನಂತೆ
nirdeshakarugalaagiddu,ನಿರ್ದೇಶಕರುಗಳಾಗಿದ್ದು
karyagalanna,ಕಾರ್ಯಗಳನ್ನ
citadell,ಸಿಟಡೆಲ್
chikitsegola,ಚಿಕಿತ್ಸೆಗೊಳ
elaaludda,ಏಳಾಳುದ್ದ
muchchalike,ಮುಚ್ಚಲಿಕೆ
sangappanayka,ಸಂಗಪ್ಪನಾಯ್ಕ
bhayotpadakiyagiddale,ಭಯೋತ್ಪಾದಕಿಯಾಗಿದ್ದಳೇ
paryayavaguva,ಪರ್ಯಾಯವಾಗುವ
tumulagalanu,ತುಮುಲಗಳನು
hohante,ಹೋಹಂತೆ
khaniram,ಖನಿರಾಂ
jyamitiyalli,ಜ್ಯಾಮಿತಿಯಲ್ಲಿ
vahisikolluve,ವಹಿಸಿಕೊಳ್ಳುವೆ
adhikaavadhigalalli,ಅಧಿಕಾವಧಿಗಳಲ್ಲಿ
tegeyo,ತೆಗೆಯೊ
agaballanu,ಆಗಬಲ್ಲನು
asamaadhaanadondiruva,ಅಸಮಾಧಾನದೊಂಡಿರುವ
sambhavisuvantahudu,ಸಂಭವಿಸುವಂತಹುದು
paarshvavannu,ಪಾರ್ಶ್ವವನ್ನು
pakkelabugalige,ಪಕ್ಕೆಲಬುಗಳಿಗೆ
chittakarshakavagiddu,ಚಿತ್ತಾಕರ್ಷಕವಾಗಿದ್ದು
kodaginavaragi,ಕೊಡಗಿನವರಾಗಿ
jhoomnondige,ಝೂಮ್ನೊಂದಿಗೆ
mitiyittu,ಮಿತಿಯಿತ್ತು
ilikeyaadre,ಇಳಿಕೆಯಾದ್ರೆ
maimud,ಮೈಮುದ್
aatmahatyaatmakavaada,ಆತ್ಮಹತ್ಯಾತ್ಮಕವಾದ
sikkiddannu,ಸಿಕ್ಕಿದ್ದನ್ನು
bagava,ಬಗವ
parishattigaagi,ಪರಿಷತ್ತಿಗಾಗಿ
vidiyondannu,ವಿಡಿಯೊಂದನ್ನು
rajyadallianeka,ರಾಜ್ಯದಲ್ಲಿಅನೇಕ
sahajavagiye,ಸಹಜವಾಗಿಯೇ
innoorannu,ಇನ್ನೂರನ್ನು
erpataagittu,ಏರ್ಪಟಾಗಿತ್ತು
arthashaastriyavaagi,ಅರ್ಥಶಾಸ್ತ್ರೀಯವಾಗಿ
bangaaramayavaagiddu,ಬಂಗಾರಮಯವಾಗಿದ್ದು
beedigilididru,ಬೀದಿಗಿಳಿದಿದ್ರು
mayavigalada,ಮಾಯಾವಿಗಳಾದ
talebaaguvudaadare,ತಲೆಬಾಗುವುದಾದರೆ
akaalikavaagiddaru,ಅಕಾಲಿಕವಾಗಿದ್ದರೂ
atyakarshakavendu,ಅತ್ಯಾಕರ್ಷಕವೆಂದು
kalaavalayadalloo,ಕಲಾವಲಯದಲ್ಲೂ
karedarendu,ಕರೆದರೆಂದು
appatavagiddu,ಅಪ್ಪಟವಾಗಿದ್ದು
ratriyiddare,ರಾತ್ರಿಯಿದ್ದರೆ
kannadigala,ಕನ್ನಡಿಗಳ
paradaaduttirutteve,ಪರದಾಡುತ್ತಿರುತ್ತೇವೆ
malegaalavide,ಮಳೆಗಾಲವಿದೆ
dinaankavaagiruva,ದಿನಾಂಕವಾಗಿರುವ
waldenstrome,ವಾಲ್ಡೆನ್ಸ್ಟ್ರೋಮ್
bagilwada,ಬಾಗಿಲವಾಡ
naayakanatariddaare,ನಾಯಕನಟರಿದ್ದಾರೆ
gilipatha,ಗಿಳಿಪಾಠ
nellingeri,ನೆಲ್ಲಿಂಗೇರಿ
saaksharataa,ಸಾಕ್ಷರತಾ
basseriddaru,ಬಸ್ಸೇರಿದ್ದರು
tulakondu,ತುಳಕೊಂಡು
duravagibiduttare,ದೂರವಾಗಿಬಿಡುತ್ತಾರೆ
amitaabhaage,ಅಮಿತಾಭಾಗೆ
anushrenige,ಅನುಶ್ರೇಣಿಗೆ
kattadavaada,ಕಟ್ಟಡವಾದ
nirvahisitendare,ನಿರ್ವಹಿಸಿತೆಂದರೆ
asmiteyemba,ಅಸ್ಮಿತೆಯೆಂಬ
anaahutavaadalli,ಅನಾಹುತವಾದಲ್ಲಿ
rachisikollutta,ರಚಿಸಿಕೊಳ್ಳುತ್ತಾ
arkavati,ಅರ್ಕಾವತಿ
ambedkaravarige,ಅಂಬೇಡ್ಕರವರಿಗೆ
kaaryukramakkoo,ಕಾರ್ಯುಕ್ರಮಕ್ಕೂ
jeetiye,ಜೀತಿಯೆ
kavisahajavaada,ಕವಿಸಹಜವಾದ
aarhavaada,ಆರ್ಹವಾದ
vishveshatirthaji,ವಿಶ್ವೇಶತೀರ್ಥಜೀ
chikala,ಚಿಕಲ
lagattugalige,ಲಗತ್ತುಗಳಿಗೆ
janajeevanadalli,ಜನಜೀವನದಲ್ಲಿ
drudhikarisuvanta,ದೃಢೀಕರಿಸುವಂತ
bhashachitragalannu,ಭಾಷಾಚಿತ್ರಗಳನ್ನು
jailaninda,ಜೈಲನಿಂದ
ivellavudakki,ಇವೆಲ್ಲವುದಕ್ಕಿ
nigrahisabekayitu,ನಿಗ್ರಹಿಸಬೇಕಾಯಿತು
sikkikoltu,ಸಿಕ್ಕಿಕೊಳ್ತು
pathyakramagalalliyu,ಪಠ್ಯಕ್ರಮಗಳಲ್ಲಿಯೂ
hemmepaduttaale,ಹೆಮ್ಮೆಪಡುತ್ತಾಳೆ
beyuvavaregu,ಬೇಯುವವರೆಗೂ
kalpisidarendu,ಕಲ್ಪಿಸಿದರೆಂದು
bhajanavara,ಭಜನವರ
hingaada,ಹಿಂಗಾದ
appalisidantaguttade,ಅಪ್ಪಳಿಸಿದಂತಾಗುತ್ತದೆ
aarambhavaagiruvudara,ಆರಂಭವಾಗಿರುವುದರ
parihaaradhanavu,ಪರಿಹಾರಧನವು
bahyabhramarigalannu,ಬಾಹ್ಯಭ್ರಮರಿಗಳನ್ನು
bankinallaste,ಬ್ಯಾಂಕಿನಲ್ಲಷ್ಟೇ
dhaniyagalla,ಧನಿಯಾಗಲ್ಲ
karyotypingge,ಕಾರ್ಯೋಟೈಪಿಂಗ್ಗೆ
baraheli,ಬರಹೇಳಿ
padeyuttiddenu,ಪಡೆಯುತ್ತಿದ್ದೆನು
vartegangavatibruhat,ವಾರ್ತೆಗಂಗಾವತಿಬೃಹತ್
ittidaare,ಇಟ್ಟಿದಾರೆ
durbhalike,ದುರ್ಭಳಿಕೆ
moodidantaagide,ಮೂಡಿದಂತಾಗಿದೆ
uttamapadisikondiddu,ಉತ್ತಮಪಡಿಸಿಕೊಂಡಿದ್ದು
oddatavo,ಒದ್ದಾಟವೋ
kamalanatharu,ಕಮಲನಾಥರು
upanishattugalannu,ಉಪನಿಷತ್ತುಗಳನ್ನು
nadeyabekalla,ನಡೆಯಬೇಕಲ್ಲ
luthaya,ಲೂಥಾಯ
roopaayigaliruttade,ರೂಪಾಯಿಗಳಿರುತ್ತದೆ
sadyavagadiddaga,ಸಾದ್ಯವಾಗದಿದ್ದಾಗ
boluvaarta,ಬೋಳುವಾರ್ತ
antararaajyagalondige,ಅಂತರರಾಜ್ಯಗಳೊಂದಿಗೆ
hendatiyodaneyagali,ಹೆಂಡತಿಯೊಡನೆಯಾಗಲಿ
samanaarthakavaada,ಸಮಾನಾರ್ಥಕವಾದ
animaster,ಅನಿಮಾಸ್ಟರ್
sevanubhavi,ಸೇವಾನುಭವಿ
niroopisikollutta,ನಿರೂಪಿಸಿಕೊಳ್ಳುತ್ತ
danivaarisikondu,ದನಿವಾರಿಸಿಕೊಂಡು
atruptateyannu,ಅತೃಪ್ತತೆಯನ್ನು
kendrikrutavagabekemba,ಕೇಂದ್ರೀಕೃತವಾಗಬೇಕೆಂಬ
restrobar,ರೆಸ್ಟ್ರೋಬಾರ್
natakaratna,ನಾಟಕರತ್ನ
mafio,ಮಾಫಿಯೋ
eksgalu,ಎಕ್ಸ್ಗಳು
brednanteye,ಬ್ರೆಡ್ನಂತೆಯೇ
sannidhigalannu,ಸನ್ನಿಧಿಗಳನ್ನು
sachivaraguvudarondige,ಸಚಿವರಾಗುವುದರೊಂದಿಗೆ
biruttaale,ಬಿರುತ್ತಾಳೆ
koosugalaada,ಕೂಸುಗಳಾದ
ganiveera,ಗಣಿವೀರ
ilakheyannolagondante,ಇಲಾಖೆಯನ್ನೊಳಗೊಂಡಂತೆ
ondoramelondu,ಒಂದೊರಮೇಲೊಂದು
snaanaghattagalive,ಸ್ನಾನಘಟ್ಟಗಳಿವೆ
svastikaasanadalli,ಸ್ವಸ್ತಿಕಾಸನದಲ್ಲಿ
balapadisidalu,ಬಲಪಡಿಸಿದಳು
daasabhaavadinda,ದಾಸಭಾವದಿಂದ
vrutranu,ವೃತ್ರನು
dattadaviyinda,ದಟ್ಟಡವಿಯಿಂದ
prerakagalaguttave,ಪ್ರೇರಕಗಳಾಗುತ್ತವೆ
poojaarigalottige,ಪೂಜಾರಿಗಳೊಟ್ಟಿಗೆ
hooraadalaagadu,ಹೋರಾಡಲಾಗದು
echcharagolisuvudakke,ಎಚ್ಚರಗೊಳಿಸುವುದಕ್ಕೆ
calculator,ಕ್ಯಾಲ್ಕೂಲೇಟರ್
koodalaguvudilla,ಕೂಡಲಾಗುವುದಿಲ್ಲ
kollebailu,ಕೊಳ್ಳೆಬೈಲು
accidentugala,ಆಕ್ಸಿಡೆಂಟುಗಳ
actis,ಆ್ಯಕ್ಟಿಸ್
pariganisabahudaagittu,ಪರಿಗಣಿಸಬಹುದಾಗಿತ್ತು
jatishoshaneya,ಜಾತಿಶೋಷಣೆಯ
flexibility,ಫ್ಲೆಕ್ಸಿಬಲಿಟಿ
kadevarege,ಕಡೆವರೆಗೆ
bedavagtare,ಬೇಡವಾಗ್ತಾರೆ
okota,ಒಕೊಟ
lubana,ಲುಬಾನ
vedyavaguttave,ವೇದ್ಯವಾಗುತ್ತವೆ
magistratoray,ಮ್ಯಾಜಿಸ್ಟ್ರೇಟರೇ
daivasammukhadalli,ದೈವಸಮ್ಮುಖದಲ್ಲಿ
odibaare,ಓಡಿಬಾರೆ
pravaadigalaagiralu,ಪ್ರವಾದಿಗಳಾಗಿರಲು
kalaketra,ಕಲಾಕೇತ್ರ
teredittukonde,ತೆರೆದಿಟ್ಟುಕೊಂಡೇ
santavisi,ಸಂತವಿಸಿ
angaigalige,ಅಂಗೈಗಳಿಗೆ
sooktavaada,ಸೂಕ್ತವಾದ
samsadana,ಸಂಸದನ
uttaram,ಉತ್ತರಂ
kalashavannittu,ಕಳಶವನ್ನಿಟ್ಟು
holasaayitu,ಹೊಲಸಾಯಿತು
saripadisuvudu,ಸರಿಪಡಿಸುವುದು
proudhashaalegalilla,ಪ್ರೌಢಶಾಲೆಗಳಿಲ್ಲ
manemalaka,ಮನೆಮಾಲಕ
kelabekaadaroo,ಕೇಳಬೇಕಾದರೂ
vrattiyalliddaagale,ವೃತ್ತಿಯಲ್ಲಿದ್ದಾಗಲೇ
saytini,ಸಾಯ್ತೀನಿ
layavillade,ಲಯವಿಲ್ಲದೆ
muntaadavugalaada,ಮುಂತಾದವುಗಳಾದ
oppide,ಒಪ್ಪಿದೆ
vaishakham,ವೈಶಾಖಂ
carolinadyanta,ಕ್ಯಾರೊಲಿನಾದ್ಯಂತ
parmadat,ಪರ್ಮಾದಾತ್
kettaparinama,ಕೆಟ್ಟಪರಿಣಾಮ
bangaadara,ಬಂಗಾದರ
minchimareyaguva,ಮಿಂಚಿಮರೆಯಾಗುವ
dushtaachaarada,ದುಷ್ಟಾಚಾರದ
mayooriyavarige,ಮಯೂರಿಯವರಿಗೆ
autpattika,ಔತ್ಪತ್ತಿಕ
vaamanamoortiyavaru,ವಾಮನಮೂರ್ತಿಯವರು
kodaliyolasari,ಕೊಡಲಿಯೋಲಸರಿ
mugibeelutti,ಮುಗಿಬೀಳುತ್ತಿ
mahadevategala,ಮಹಾದೇವತೆಗಳ
powerboat,ಪವರ್ಬೋಟ್
mahadiyondige,ಮಹಡಿಯೊಂದಿಗೆ
nindakah,ನಿಂದಕಃ
pretatmave,ಪ್ರೇತಾತ್ಮವೇ
pubress,ಪಬ್ರೆಸ್
heckla,ಹೆಕ್ಲಾ
tapanavilla,ತಾಪನವಿಲ್ಲ
guddagalallina,ಗುಡ್ಡಗಳಲ್ಲಿನ
oggikoltare,ಒಗ್ಗಿಕೊಳ್ತಾರೆ
paddehuli,ಪಡ್ಡೇಹುಲಿ
samyojanegalallina,ಸಂಯೋಜನೆಗಳಲ್ಲಿನ
rohail,ರೊಹೈಲ್
anaanukulagaliddaroo,ಅನಾನುಕೂಲಗಳಿದ್ದರೂ
siteyarannu,ಸೀತೆಯರನ್ನು
bhashanavondakke,ಭಾಷಣವೊಂದಕ್ಕೆ
kyaviyarginta,ಕ್ಯಾವಿಯರ್ಗಿಂತ
allergiagalu,ಅಲರ್ಜಿಯಾಗಲು
kanneeraadavu,ಕಣ್ಣೀರಾದವು
ranchaneyallina,ರಚನೆಯಲ್ಲಿನ
ashrayakodalu,ಆಶ್ರಯಕೊಡಲು
aadaradara,ಆದರದರ
manyateyulla,ಮಾನ್ಯತೆಯುಳ್ಳ
suryodayavu,ಸೂರ್ಯೋದಯವೂ
sekubyari,ಸೇಕುಬ್ಯಾರಿ
janapratinidigale,ಜನಪ್ರತಿನಿದಿಗಳೇ
prashamsanti,ಪ್ರಶಂಸಂತಿ
janmadaatane,ಜನ್ಮದಾತನೆ
ullanghaneyalle,ಉಲ್ಲಂಘನೆಯಲ್ಲೇ
sahajanubandha,ಸಹಜಾನುಬಂಧ
kumbhotsavadondige,ಕುಂಭೋತ್ಸವದೊಂದಿಗೆ
parihaaragalatta,ಪರಿಹಾರಗಳತ್ತ
sichivaru,ಸಿಚಿವರು
ivattigishtu,ಇವತ್ತಿಗಿಷ್ಟು
mentors,ಮೆಂಟರ್ಸ್
swaraalaapane,ಸ್ವರಾಲಾಪನೆ
karubannu,ಕರುಬನ್ನು
kutantradavaraagiddaare,ಕುತಂತ್ರದವರಾಗಿದ್ದಾರೆ
vyaktiyiddaanendu,ವ್ಯಕ್ತಿಯಿದ್ದಾನೆಂದು
krishnaseva,ಕೃಷ್ಣಸೇವಾ
jarugisalaagi,ಜರುಗಿಸಲಾಗಿ
bhikkhuna,ಭಿಕ್ಖುನಾ
bataabayalaagittu,ಬಟಾಬಯಲಾಗಿತ್ತು
nirnayisuvavarege,ನಿರ್ಣಯಿಸುವವರೆಗೆ
keebordgalive,ಕೀಬೋರ್ಡ್ಗಳಿವೆ
sikkilladiddaroo,ಸಿಕ್ಕಿಲ್ಲದಿದ್ದರೂ
saavannappiddaareye,ಸಾವನ್ನಪ್ಪಿದ್ದಾರೆಯೇ
mysurininda,ಮೈಸೂರಿನಿಂದ
hadanenu,ಹದನೇನು
chainpuradinda,ಚೈನ್ಪುರದಿಂದ
vakaarasaalu,ವಕಾರಸಾಲು
chagashettahalli,ಚಾಗಶೆಟ್ಟಹಳ್ಳಿ
panchkatimatha,ಪಂಚಕಟಿಮಠ
pustakiya,ಪುಸ್ತಕೀಯ
lekhakanalliyu,ಲೇಖಕನಲ್ಲಿಯೂ
minchidanta,ಮಿಂಚಿದಂತ
torisuttiri,ತೋರಿಸುತ್ತೀರಿ
gurusiddhanu,ಗುರುಸಿದ್ಧನು
rshakoo,ರ್ಷಕೂ
devullu,ದೇವುಳ್ಳು
tumbuttadendu,ತುಂಬುತ್ತದೆಂದು
mosaayiksgalinda,ಮೊಸಾಯಿಕ್ಸ್ಗಳಿಂದ
shrenikarisalaayitu,ಶ್ರೇಣೀಕರಿಸಲಾಯಿತು
paraariyaadava,ಪರಾರಿಯಾದವ
aaraadhyadaivavaada,ಆರಾಧ್ಯದೈವವಾದ
satyabhaamegendu,ಸತ್ಯಭಾಮೆಗೆಂದು
viketugala,ವಿಕೇಟುಗಳ
arakalaguru,ಅರಕಲಗೂರು
siguvadaaddarinda,ಸಿಗುವದಾದ್ದರಿಂದ
saavannappiruvudarinda,ಸಾವನ್ನಪ್ಪಿರುವುದರಿಂದ
outgalive,ಔಟ್ಗಳಿವೆ
horisadiralu,ಹೊರಿಸದಿರಲು
muju,ಮುಜು
vibhaagaadhikaariyavaru,ವಿಭಾಗಾಧಿಕಾರಿಯವರು
suddivaahinigalaagi,ಸುದ್ದಿವಾಹಿನಿಗಳಾಗಿ
barutteveyo,ಬರುತ್ತೇವೆಯೋ
punaraavartitavaagisuva,ಪುನರಾವರ್ತಿತವಾಗಿಸುವ
paapadakatte,ಪಾಪದಕತ್ತೆ
mahanagaragalallashte,ಮಹಾನಗರಗಳಲ್ಲಷ್ಟೇ
inkaadinda,ಇಂಕಾದಿಂದ
vishyavaadre,ವಿಷ್ಯವಾದ್ರೆ
nimallirabeku,ನಿಮಲ್ಲಿರಬೇಕು
muttiddiri,ಮುಟ್ಟಿದ್ದೀರಿ
mustaf,ಮುಸ್ತಫ್
amruteshwaranahalli,ಅಮೃತೇಶ್ವರನಹಳ್ಳಿ
stotagondaga,ಸ್ಟೋಟಗೊಂಡಾಗ
nishtaragiye,ನಿಷ್ಠರಾಗಿಯೇ
svikarisaliddaare,ಸ್ವಿಕರಿಸಲಿದ್ದಾರೆ
akhen,ಅಖೆನ್
bataglia,ಬಟಾಗ್ಲಿಯಾ
effector,ಎಫೆಕ್ಟರ್
tadabadaayisiddannu,ತಡಬಡಾಯಿಸಿದ್ದನ್ನು
vishodyaanavannu,ವಿಷೋದ್ಯಾನವನ್ನು
pradhaanavide,ಪ್ರಧಾನವಿದೆ
kaydukolluviri,ಕಾಯ್ದುಕೊಳ್ಳುವಿರಿ
tiliyahelida,ತಿಳಿಯಹೇಳಿದ
meresabekendu,ಮೆರೆಸಬೇಕೆಂದು
nantiddu,ನಂತಿದ್ದು
porjari,ಪೋರ್ಜರಿ
vashapadisidaaga,ವಶಪಡಿಸಿದಾಗ
beerugaalige,ಬೀರುಗಾಳಿಗೆ
kanabekandare,ಕಾಣಬೇಕಂದರೆ
dsosi,ಡಿಸೋಸಿ
haduvudo,ಹಾಡುವುದೋ
avadhidhige,ಅವಧಿಧಿಗೆ
biruvalli,ಬೀರುವಳ್ಳಿ
svatantraraadavaru,ಸ್ವತಂತ್ರರಾದವರು
bahuhindeye,ಬಹುಹಿಂದೆಯೆ
notugalannittukonda,ನೋಟುಗಳನ್ನಿಟ್ಟುಕೊಂಡ
maretittu,ಮರೆತಿತ್ತು
geddeyantaha,ಗೆಡ್ಡೆಯಂತಹ
sotode,ಸೋತೊಡೆ
patipatnige,ಪತಿಪತ್ನಿಗೆ
helikodaliddaare,ಹೇಳಿಕೊಡಲಿದ್ದಾರೆ
praantyadolakke,ಪ್ರಾಂತ್ಯದೊಳಕ್ಕೆ
ullavarellarannu,ಉಳ್ಳವರೆಲ್ಲರನ್ನು
puravaradi,ಪುರವರದಿ
siddhagolisalaada,ಸಿದ್ಧಗೊಳಿಸಲಾದ
klabnallina,ಕ್ಲಬ್ನಲ್ಲಿನ
matadabekaguttade,ಮಾತಾಡಬೇಕಾಗುತ್ತದೆ
hangisade,ಹಂಗಿಸದೇ
myyaralininta,ಮೈಯರಳಿನಿಂತ
maadiddarendiddaare,ಮಾಡಿದ್ದರೆಂದಿದ್ದಾರೆ
caves,ಕೇವ್ಸ್
naashapadisuttene,ನಾಶಪಡಿಸುತ್ತೇನೆ
taalookinalliye,ತಾಲೂಕಿನಲ್ಲಿಯೇ
laalahodeyuva,ಲಾಳಹೊಡೆಯುವ
bellichukkiyaagi,ಬೆಳ್ಳಿಚುಕ್ಕಿಯಾಗಿ
baidyer,ಬೈದ್ಯೆರ್
vikrutiyedege,ವಿಕೃತಿಯೆಡೆಗೆ
mungadagalannu,ಮುಂಗಡಗಳನ್ನು
urjeyannu,ಊರ್ಜೆಯನ್ನು
billinking,ಬಿಲಿಂಕಿಂಗ್
anusarisatodagiddaare,ಅನುಸರಿಸತೊಡಗಿದ್ದಾರೆ
belugode,ಬೆಳುಗೊಡೆ
uddavaagiddare,ಉದ್ದವಾಗಿದ್ದರೆ
rabit,ರಾಬಿತ್
velutambi,ವೇಲುತಂಬಿ
nelahasigagi,ನೆಲಹಾಸಿಗಾಗಿ
arthamaadisikoduva,ಅರ್ಥಮಾಡಿಸಿಕೊಡುವ
kallegaravara,ಕಲ್ಲೇಗರವರ
hexachloride,ಹೆಕ್ಸಾಕ್ಲೋರೈಡ್
aadaragaliddare,ಆದರಗಳಿದ್ದರೆ
ettanu,ಎತ್ತನು
velloorige,ವೆಲ್ಲೂರಿಗೆ
nivaarisuvadu,ನಿವಾರಿಸುವದು
chennamma,ಚನ್ನಮ್ಮ
haalereyade,ಹಾಲೆರೆಯದೆ
mujiris,ಮುಜಿರಿಸ್
sandigalalliyoo,ಸಂದಿಗಳಲ್ಲಿಯೂ
belediddenu,ಬೆಳೆದಿದ್ದೆನು
vahisodaagi,ವಹಿಸೋದಾಗಿ
aranyadolage,ಅರಣ್ಯದೊಳಗೆ
nadesidantiddu,ನಡೆಸಿದಂತಿದ್ದು
badalaadaddaadare,ಬದಲಾದದ್ದಾದರೆ
chidambaramnashte,ಚಿದಂಬರಂನಷ್ಟೇ
bhagadashtu,ಭಾಗದಷ್ಟು
tilidra,ತಿಳಿದ್ರಾ
kategalashte,ಕತೆಗಳಷ್ಟೇ
navanakkiyalli,ನವಣಕ್ಕಿಯಲ್ಲಿ
gelendjhiknalliruva,ಗೆಲೆಂಡ್ಝಿಕ್ನಲ್ಲಿರುವ
genavatige,ಗೆಣವತಿಗೆ
rekhegalannullu,ರೇಖೆಗಳನ್ನುಳ್ಳು
chaddiyalliruva,ಚಡ್ಡಿಯಲ್ಲಿರುವ
horategeyalaagideye,ಹೊರತೆಗೆಯಲಾಗಿದೆಯೆ
satyanapur,ಸತ್ಯನಾಪುರ
husimunisu,ಹುಸಿಮುನಿಸು
vartisuttiddarante,ವರ್ತಿಸುತ್ತಿದ್ದರಂತೆ
bhavisatodagidalu,ಭಾವಿಸತೊಡಗಿದಳು
bahirangadallina,ಬಹಿರಂಗದಲ್ಲಿನ
anukulavaagabahudaagide,ಅನುಕೂಲವಾಗಬಹುದಾಗಿದೆ
angikarisiddagyoo,ಅಂಗೀಕರಿಸಿದ್ದಾಗ್ಯೂ
mukhyashikshakiye,ಮುಖ್ಯಶಿಕ್ಷಕಿಯೇ
gama,ಗಾಮಾ
adakkellavu,ಅದಕ್ಕೆಲ್ಲವೂ
saitu,ಸೈತು
shakeyanne,ಶಕೆಯನ್ನೇ
kaitoleyabekada,ಕೈತೊಳೆಯಬೇಕಾದ
hallahidiyuttidda,ಹಳ್ಳಹಿಡಿಯುತ್ತಿದ್ದ
vishayagalalliyu,ವಿಷಯಗಳಲ್ಲಿಯೂ
wetable,ವೆಟಬಲ್
pakkadurugalaada,ಪಕ್ಕದೂರುಗಳಾದ
bembalisittaadaroo,ಬೆಂಬಲಿಸಿತ್ತಾದರೂ
jigangen,ಜಿಗಾಂಗೆನ್
karolnalli,ಕರೋಲ್ನಲ್ಲಿ
baididdakke,ಬೈದಿದ್ದಕ್ಕೆ
bilawal,ಬಿಲಾವಾಲ್
cayed,ಕೇಯ್ಡ್
wadeyanende,ಒಡೆಯನೆಂದೆ
bennuhuri,ಬೆನ್ನುಹುರಿಯು
heracles,ಹೆರಾಕಲ್ಸ್
bittodadu,ಬಿಟ್ಟೊಡದು
saphalavagiruvudagi,ಸಫಲವಾಗಿರುವುದಾಗಿ
vinamravagiyoo,ವಿನಮ್ರವಾಗಿಯೂ
patreyalliruva,ಪಾತ್ರೆಯಲ್ಲಿರುವ
svahastada,ಸ್ವಹಸ್ತದ
adannellavannoo,ಅದನ್ನೆಲ್ಲವನ್ನೂ
sudhaarakarendare,ಸುಧಾರಕರೆಂದರೆ
dhruvasindhu,ಧ್ರುವಸಿಂಧು
sankalpamaadabekide,ಸಂಕಲ್ಪಮಾಡಬೇಕಿದೆ
chitragalilladiddaroo,ಚಿತ್ರಗಳಿಲ್ಲದಿದ್ದರೂ
chalavaligalannashte,ಚಳವಳಿಗಳನ್ನಷ್ಟೇ
anivaaryavenda,ಅನಿವಾರ್ಯವೆಂದ
rakkole,ರಕ್ಕೋಲೆ
mamanadoddy,ಮಾಮನದೊಡ್ಡಿ
segane,ಸೆಗಣೆ
gruhavaidyara,ಗೃಹವೈದ್ಯರ
pratiyobbana,ಪ್ರತಿಯೊಬ್ಬನ
bhashanamadidaga,ಭಾಷಣಮಾಡಿದಾಗ
modagalodane,ಮೋಡಗಳೊಡನೆ
performatial,ಪರ್ಫಾರ್ಮೆಶಿಯಲ್
sadhika,ಸಾಧಿಕ
bhajarangadalakke,ಭಜರಂಗದಳಕ್ಕೆ
uttaristidda,ಉತ್ತರಿಸ್ತಿದ್ದ
dikshitarinda,ದೀಕ್ಷಿತರಿಂದ
vidhaanagaliruvaaga,ವಿಧಾನಗಳಿರುವಾಗ
samsadadaru,ಸಂಸದದರು
sarahaddigaagi,ಸರಹದ್ದಿಗಾಗಿ
tayaarisikollabahudaaga,ತಯಾರಿಸಿಕೊಳ್ಳಬಹುದಾಗ
gadirekhegalondige,ಗಡಿರೇಖೆಗಳೊಂದಿಗೆ
hongards,ಹೊಂಗಾರ್ಡ್ಸ್
maadisibittiddare,ಮಾಡಿಸಿಬಿಟ್ಟಿದ್ದರೆ
sadvidyaabhavanadalli,ಸದ್ವಿದ್ಯಾಭವನದಲ್ಲಿ
madibidtini,ಮಾಡಿಬಿಡ್ತಿನಿ
satyaamshavideye,ಸತ್ಯಾಂಶವಿದೆಯೇ
dveshisidavara,ದ್ವೇಷಿಸಿದವರ
vegagolisuvudarinda,ವೇಗಗೊಳಿಸುವುದರಿಂದ
patradashtannu,ಪಾತ್ರದಷ್ಟನ್ನು
bhagiyagiddagalu,ಭಾಗಿಯಾಗಿದ್ದಾಗಲೂ
tamilaranne,ತಮಿಳರನ್ನೇ
keypress,ಕೀಪ್ರೆಸ್
kandluruvaregina,ಕಂಡ್ಲೂರುವರೆಗಿನ
tegedukollalaguvudo,ತೆಗೆದುಕೊಳ್ಳಲಾಗುವುದೋ
gantegobba,ಗಂಟೆಗೊಬ್ಬ
roopadallihooduttade,ರೂಪದಲ್ಲಿಹೂಡುತ್ತದೆ
nammeduride,ನಮ್ಮೆದುರಿದೆ
kuruhugalivu,ಕುರುಹುಗಳಿವು
mislocated,ಮಿಸ್ಲೋಕೇಟೆಡ್
gellisuttiri,ಗೆಲ್ಲಿಸುತ್ತಿರಿ
mubashir,ಮುಬಶಿರ್
illavennuvantittu,ಇಲ್ಲವೆನ್ನುವಂತಿತ್ತು
othellodalli,ಒಥೆಲ್ಲೊದಲ್ಲಿ
baddiyetara,ಬಡ್ಡಿಯೇತರ
vaachanaalayavondara,ವಾಚನಾಲಯವೊಂದರ
aameyinda,ಆಮೆಯಿಂದ
giar,ಗಿಯಾರ್
atravannu,ಅತ್ರವನ್ನು
hosadingata,ಹೊಸದಿಂಗತ
maswati,ಮಸ್ವತಿ
videogalagi,ವೀಡಿಯೋಗಳಾಗಿ
aaddarindale,ಆದ್ದರಿಂದಲೇ
gajashale,ಗಜಶಾಲೆ
arthahinavendu,ಅರ್ಥಹೀನವೆಂದು
kullagiruvavarige,ಕುಳ್ಳಗಿರುವವರಿಗೆ
devasilpa,ದೇವಶಿಲ್ಪ
kottantavu,ಕೊಟ್ಟಂತವು
repense,ರಿಪೆನ್ಸ್
seleyalaagu,ಸೆಳೆಯಲಾಗು
huchchusaahasada,ಹುಚ್ಚುಸಾಹಸದ
boomargalu,ಬೂಮರ್ಗಳು
nagabrahmanu,ನಾಗಬ್ರಹ್ಮನು
virodhisikondu,ವಿರೋಧಿಸಿಕೊಂಡು
ettamanur,ಎಟ್ಟಮನೂರ್
sankoochavaaytu,ಸಂಕೋಚವಾಯ್ತು
balishtharaguva,ಬಲಿಷ್ಠರಾಗುವ
dorakisikodalaayitu,ದೊರಕಿಸಿಕೊಡಲಾಯಿತು
raktanaalagalallaaguva,ರಕ್ತನಾಳಗಳಲ್ಲಾಗುವ
jeevabheetiyinda,ಜೀವಭೀತಿಯಿಂದ
kramajarugisuvante,ಕ್ರಮಜರುಗಿಸುವಂತೆ
procurement,ಪ್ರೊಕ್ಯುರ್ಮೆಂಟ್
vyayavaagive,ವ್ಯಯವಾಗಿವೆ
upapatragalu,ಉಪಪತ್ರಗಳು
kaliyabekeke,ಕಲಿಯಬೇಕೇಕೆ
bendnantaha,ಬೆಂಡ್ನಂತಹ
mahadhiveshanadallu,ಮಹಾಧಿವೇಶನದಲ್ಲೂ
kumarana,ಕುಮಾರನಾ
oresikondaremukhada,ಒರೆಸಿಕೊಂಡರೆಮುಖದ
alateyagiruttade,ಅಳತೆಯಾಗಿರುತ್ತದೆ
manegelasagaararannu,ಮನೆಗೆಲಸಗಾರರನ್ನು
chitar,ಚಿತರ್
akarshitaragtare,ಆಕರ್ಷಿತರಾಗ್ತಾರೆ
chennagiruttene,ಚೆನ್ನಾಗಿರುತ್ತೇನೆ
kuchinadu,ಕುಚಿನಾಡು
kaigolluvavaregu,ಕೈಗೊಳ್ಳುವವರೆಗೂ
sandwax,ಸ್ಯಾಂಡ್ವ್ಯಾಕ್ಸ್
gootina,ಗೂಟಿನ
pavitraraagiddaru,ಪವಿತ್ರರಾಗಿದ್ದರು
udghatanegala,ಉದ್ಘಾಟನೆಗಳ
feashing,ಫೀಶಿಂಗ್
reetigoo,ರೀತಿಗೂ
deshadellarigoo,ದೇಶದೆಲ್ಲರಿಗೂ
siddateyante,ಸಿದ್ದತೆಯಂತೆ
jaalabandhavillade,ಜಾಲಬಂಧವಿಲ್ಲದೆ
internationalgala,ಇಂಟರ್ನ್ಯಾಶನಲ್ಗಳ
kollirai,ಕೊಳ್ಳಿರೈ
upakaptaana,ಉಪಕಪ್ತಾನ
quarta,ಕ್ವಾರ್ಟಾ
ramlinga,ರಾಮಲಿಂಗಾ
uchchadhvaniyalli,ಉಚ್ಛಧ್ವನಿಯಲ್ಲಿ
konddoyyuttidda,ಕೊಂಡ್ಡೊಯ್ಯುತ್ತಿದ್ದ
granslam,ಗ್ರ್ಯಾನ್ಸ್ಲಾಮ್
giridhaamagalive,ಗಿರಿಧಾಮಗಳಿವೆ
udyaanavanadantide,ಉದ್ಯಾನವನದಂತಿದೆ
upasthitarirale,ಉಪಸ್ಥಿತರಿರಲೇ
extensiongaagi,ಎಕ್ಸ್ಟೆನ್ಷನ್ಗಾಗಿ
brankosnondige,ಬ್ರಾಂಕೋಸ್ನೊಂದಿಗೆ
samsadeyannu,ಸಂಸದೆಯನ್ನು
moodugallinalli,ಮೂಡುಗಲ್ಲಿನಲ್ಲಿ
vadagirdane,ವಡಗಿರ್ದನೆ
tatvarahitavaada,ತತ್ವರಹಿತವಾದ
baleni,ಬಾಲೆನಿ
kalkateya,ಕಲ್ಕತೆಯ
samayavalayavannu,ಸಮಯವಲಯವನ್ನು
samskaaravendare,ಸಂಸ್ಕಾರವೆಂದರೆ
varnanabhaga,ವರ್ಣನಾಭಾಗ
mukhabhaavagalannu,ಮುಖಭಾವಗಳನ್ನು
valayadavaregoo,ವಲಯದವರೆಗೂ
teluvaguvike,ತೆಲುವಾಗುವಿಕೆ
bennabidadu,ಬೆನ್ನಬಿಡದು
raajyavannaaluvudu,ರಾಜ್ಯವನ್ನಾಳುವುದು
kondiddenendu,ಕೊಂಡಿದ್ದೇನೆಂದು
bhoomiyalliddeve,ಭೂಮಿಯಲ್ಲಿದ್ದೇವೆ
darlong,ದಾರ್ಲೊಂಗ್
naduveyantu,ನಡುವೆಯಂತೂ
oddaadutidre,ಒದ್ದಾಡುತಿದ್ರೆ
hogiruvudaagi,ಹೋಗಿರುವುದಾಗಿ
mundirpa,ಮುಂದಿರ್ಪ
sevapustakadalli,ಸೇವಾಪುಸ್ತಕದಲ್ಲಿ
prakriyeyiddu,ಪ್ರಕ್ರಿಯೆಯಿದ್ದು
sampadakaravarege,ಸಂಪಾದಕರವರೆಗೆ
siditalegalinda,ಸಿಡಿತಲೆಗಳಿಂದ
tivittu,ತೀವಿತ್ತು
sachivakaankshigalige,ಸಚಿವಕಾಂಕ್ಷಿಗಳಿಗೆ
rangamala,ರಂಗಮಾಲ
prerepisatodagidaru,ಪ್ರೇರೇಪಿಸತೊಡಗಿದರು
nadeyisidarendu,ನಡೆಯಿಸಿದರೆಂದು
nadesadiralu,ನಡೆಸದಿರಲು
pogat,ಪೊಗಟ್
tiladidda,ತಿಳದಿದ್ದ
aldila,ಆಲ್ಡಿಲಾ
mandivaalada,ಮಂದಿವಾಳದ
mahamurthy,ಮಹಾಮೂರ್ತಿ
chahadangadigalalli,ಚಹದಂಗಡಿಗಳಲ್ಲಿ
gurutisittaadaroo,ಗುರುತಿಸಿತ್ತಾದರೂ
honduvantaagive,ಹೊಂದುವಂತಾಗಿವೆ
igarjiyannagi,ಇಗರ್ಜಿಯನ್ನಾಗಿ
lijian,ಲಿಜಿಯಾನ್
matanadisuttiddene,ಮಾತನಾಡಿಸುತ್ತಿದ್ದೇನೆ
hogalaadisabeku,ಹೊಗಲಾಡಿಸಬೇಕು
nambiralilla,ನಂಬಿರಲಿಲ್ಲ
honduttidde,ಹೊಂದುತ್ತಿದ್ದೆ
rashtradadya,ರಾಷ್ಟ್ರದಾದ್ಯ
parasthaladava,ಪರಸ್ಥಳದವ
meenugaararalliyu,ಮೀನುಗಾರರಲ್ಲಿಯೂ
madokagutta,ಮಾಡೋಕಾಗುತ್ತಾ
derra,ಡೆರ್ರಾ
yochanegalannella,ಯೋಚನೆಗಳನ್ನೆಲ್ಲ
militiyondige,ಮಿಲಿಟಿಯೊಂದಿಗೆ
savalugalannolagonda,ಸವಾಲುಗಳನ್ನೊಳಗೊಂಡ
aabhaariyaagiddaru,ಆಭಾರಿಯಾಗಿದ್ದರೂ
sambalakoduva,ಸಂಬಳಕೊಡುವ
alateyalli,ಅಳತೆಯಲ್ಲಿ
gudibandeyinda,ಗುಡಿಬಂಡೆಯಿಂದ
cupid,ಕ್ಯೂಪಿಡ್
tappisaballavu,ತಪ್ಪಿಸಬಲ್ಲವು
sukhadare,ಸುಖದಾರೆ
kodalaguvudu,ಕೋಡಲಾಗುವುದು
terekandittu,ತೆರೆಕಂಡಿತ್ತು
nirvahisidaaga,ನಿರ್ವಹಿಸಿದಾಗ
neraverisikolluva,ನೆರವೇರಿಸಿಕೊಳ್ಳುವ
maleyaadroo,ಮಳೆಯಾದ್ರೂ
suravarara,ಸುರವರರ
harikota,ಹರಿಕೋಟಾ
singaleekana,ಸಿಂಗಳೀಕನ
bassali,ಬಸ್ಸಾಲಿ
pakshaantaravalla,ಪಕ್ಷಾಂತರವಲ್ಲ
smaranaarthavaada,ಸ್ಮರಣಾರ್ಥವಾದ
kachchuvudara,ಕಚ್ಚುವುದರ
tatvikategaligoo,ತಾತ್ವಿಕತೆಗಳಿಗೂ
sachivarobba,ಸಚಿವರೊಬ್ಬ
adhiksharagiruva,ಅಧೀಕ್ಷರಾಗಿರುವ
krizgarh,ಕ್ರಿಜ್ಗರ್
tagiye,ತಾಗಿಯೇ
kaigondarante,ಕೈಗೊಂಡರಂತೆ
chakradavaralloo,ಚಕ್ರದವರಲ್ಲೂ
noodide,ನೂಡಿದೆ
hattiddaarendu,ಹತ್ತಿದ್ದಾರೆಂದು
hallinalliruttade,ಹಲ್ಲಿನಲ್ಲಿರುತ್ತದೆ
sariyalara,ಸರಿಯಲಾರ
shirshikeyadu,ಶೀರ್ಷಿಕೆಯದು
gayamadikolluvudu,ಗಾಯಮಾಡಿಕೊಳ್ಳುವುದು
subhadrategalalli,ಸುಭದ್ರತೆಗಳಲ್ಲಿ
olasanchinindalo,ಒಳಸಂಚಿನಿಂದಲೋ
ishtapattiddaarendu,ಇಷ್ಟಪಟ್ಟಿದ್ದಾರೆಂದು
yavudaadarondu,ಯವುದಾದರೊಂದು
manushyaraagabekide,ಮನುಷ್ಯರಾಗಬೇಕಿದೆ
hedarisidre,ಹೆದರಿಸಿದ್ರೆ
baredale,ಬರೆದಾಳೆ
maintainence,ಮೈಂಟೈನೆನ್ಸ್
innondina,ಇನ್ನೊಂದಿನ
yochisabediri,ಯೋಚಿಸಬೇಡಿರಿ
swamp,ಸ್ವ್ಯಾಂಪ್
bhavishyavannavaru,ಭವಿಷ್ಯವನ್ನವರು
abusaheb,ಅಬುಸಾಹೇಬ್
herangadiyalli,ಹೆರಂಗಡಿಯಲ್ಲಿ
himmukhavaagiddaaga,ಹಿಮ್ಮುಖವಾಗಿದ್ದಾಗ
vimukharaaguttiddeve,ವಿಮುಖರಾಗುತ್ತಿದ್ದೇವೆ
vulikaradi,ವುಲಿಕರಡಿ
nadesidanteye,ನಡೆಸಿದಂತೆಯೇ
mundeli,ಮುಂದೇಲಿ
liptinite,ಲಿಪ್ಟಿನೈಟ್
nuvvevaru,ನುವ್ವೆವರು
prebian,ಪ್ರೆಬಿಯಾನ್
kahiyiruvante,ಕಹಿಯಿರುವಂತೆ
dasyatvada,ದಾಸ್ಯತ್ವದ
jagur,ಜಗುರ್
aavaranadolagina,ಆವರಣದೊಳಗಿನ
kalabareke,ಕಲಬರೆಕೆ
kodumudi,ಕೊಡುಮುಡಿ
vaakyagaliginta,ವಾಕ್ಯಗಳಿಗಿಂತ
mukhyoupadhyayan,ಮುಖ್ಯೌಪಾಧ್ಯಾಯನ
kutumeshwar,ಕುಟುಮೇಶ್ವರ
kumareshwarana,ಕುಮಾರೇಶ್ವರನ
retrock,ರೆಟ್ರಾಕ್
bhrunaavastheyallidda,ಭ್ರೂಣಾವಸ್ಥೆಯಲ್ಲಿದ್ದ
badukiruvudakkagi,ಬದುಕಿರುವುದಕ್ಕಾಗಿ
daulatrao,ದೌಲತ್ರಾವ್
saarajanakadante,ಸಾರಜನಕದಂತೆ
vruddhipa,ವೃದ್ಧಿಪ
notagala,ನೋಟಗಳ
matsuhrutsamagamasukhamam,ಮತ್ಸುಹೃತ್ಸಮಾಗಮಸುಖಮಂ
nilugadeyagidda,ನಿಲುಗಡೆಯಾಗಿದ್ದ
natarajannu,ನಟರಾಜನ್ನು
trivarnave,ತ್ರಿವರ್ಣವೇ
samshayisuttaane,ಸಂಶಯಿಸುತ್ತಾನೆ
navikaranadalli,ನವೀಕರಣದಲ್ಲಿ
daavrutavaagide,ದಾವೃತವಾಗಿದೆ
twamuddishya,ತ್ವಾಮುದ್ದಿಶ್ಯ
laknaudalli,ಲಕ್ನೌದಲ್ಲಿ
daayakanaada,ದಾಯಕನಾದ
alessander,ಅಲೆಸ್ಸಾಂಡರ್
bhaaratadalliddare,ಭಾರತದಲ್ಲಿದ್ದರೆ
serisillave,ಸೇರಿಸಿಲ್ಲವೇ
horagiduva,ಹೊರಗಿಡುವ
prashneyulla,ಪ್ರಶ್ನೆಯುಳ್ಳ
tirmanisuvaru,ತೀರ್ಮಾನಿಸುವರು
incharavu,ಇಂಚರವು
krutiyindaagi,ಕೃತಿಯಿಂದಾಗಿ
charitregalanne,ಚರಿತ್ರೆಗಳನ್ನೇ
hoovaagisuva,ಹೂವಾಗಿಸುವ
abhivyaktavagive,ಅಭಿವ್ಯಕ್ತವಾಗಿವೆ
haguragolisuvudakke,ಹಗುರಗೊಳಿಸುವುದಕ್ಕೆ
baarininda,ಬಾರಿನಿಂದ
andkondidini,ಅಂದ್ಕೊಂಡಿದಿನಿ
pourushagalella,ಪೌರುಷಗಳೆಲ್ಲ
heingella,ಹೀಂಗೆಲ್ಲಾ
ratidevige,ರತಿದೇವಿಗೆ
tatsama,ತತ್ಸಮ
hechchaadudaralli,ಹೆಚ್ಚಾದುದರಲ್ಲಿ
kraantinaayaka,ಕ್ರಾಂತಿನಾಯಕ
sulagalale,ಸುಲಗಳಲೆ
nadelive,ನಡೆಲಿವೆ
fattunayaka,ಫತ್ತುನಾಯಕ
kejal,ಕೇಜಲ್
hesaridalaagidyante,ಹೆಸರಿಡಲಾಗಿದ್ಯಂತೆ
ebargo,ಎಬಾರ್ಗೋ
tarakakkeriddarinda,ತಾರಕಕ್ಕೇರಿದ್ದರಿಂದ
mahamantrigalige,ಮಹಾಮಂತ್ರಿಗಳಿಗೆ
mudiyisi,ಮುಡಿಯಿಸಿ
kulwinder,ಕುಲ್ವೀಂದರ್
parishkarisiruvudarinda,ಪರಿಷ್ಕರಿಸಿರುವುದರಿಂದ
raayimaaraga,ರಾಯಿಮಾರಗ
masoliniyannu,ಮಸೋಲಿನಿಯನ್ನು
phalugunanodane,ಫಲುಗುಣನೊಡನೆ
tilasalaagittu,ತಿಳಸಲಾಗಿತ್ತು
shwaanagalaadare,ಶ್ವಾನಗಳಾದರೆ
shatrutvaviddaroo,ಶತ್ರುತ್ವವಿದ್ದರೂ
koralahaarava,ಕೊರಳಹಾರವ
nillisuttene,ನಿಲ್ಲಿಸುತ್ತೇನೆ
adhiranaaguttaane,ಅಧೀರನಾಗುತ್ತಾನೆ
chashme,ಚಶ್ಮೆ
readstring,ರೀಡ್ಸ್ಟ್ರಿಂಗ್
avaniye,ಅವನಿಯೇ
hudukuttiddenendu,ಹುಡುಕುತ್ತಿದ್ದೇನೆಂದು
armeniyaada,ಅರ್ಮೆನಿಯಾದ
jillegende,ಜಿಲ್ಲೆಗೆಂದೇ
samhariside,ಸಂಹರಿಸಿದೆ
muktagondiddaroo,ಮುಕ್ತಗೊಂಡಿದ್ದರೂ
hoguttiddeve,ಹೋಗುತ್ತಿದ್ದೇವೆ
killuru,ಕಿಲ್ಲೂರು
tilivudendanu,ತಿಳಿವುದೆಂದನು
tanikhegashte,ತನಿಖೆಗಷ್ಟೇ
interlocked,ಇಂಟರ್ಲಾಕ್ಡ್
haraduttiruvarennalaada,ಹರಡುತ್ತಿರುವರೆನ್ನಲಾದ
todedubidi,ತೊಡೆದುಬಿಡಿ
pattisallisiddu,ಪಟ್ಟಿಸಲ್ಲಿಸಿದ್ದು
taleyaagiyoo,ತಲೆಯಾಗಿಯೂ
huddegalalliddaroo,ಹುದ್ದೆಗಳಲ್ಲಿದ್ದರೂ
batshebaage,ಬತ್ಷೆಬಾಗೆ
virodhisittallade,ವಿರೋಧಿಸಿತ್ತಲ್ಲದೇ
saampradaayikadinda,ಸಾಂಪ್ರದಾಯಿಕದಿಂದ
bamparugalu,ಬಂಪರುಗಳು
singhege,ಸಿಂಘೆಗೆ
gastroperesisge,ಗ್ಯಾಸ್ಟ್ರೋಪರೆಸಿಸ್ಗೆ
majavendare,ಮಜಾವೆಂದರೆ
vyavastheyallo,ವ್ಯವಸ್ಥೆಯಲ್ಲೋ
ayuvudaralli,ಆಯುವುದರಲ್ಲಿ
kittagalu,ಕಿಟ್ಟಗಳು
antyalakshyada,ಅಂತ್ಯಲಕ್ಷ್ಯದ
idakkoppilla,ಇದಕ್ಕೊಪ್ಪಿಲ್ಲ
scamargalige,ಸ್ಕ್ಯಾಮರ್ಗಳಿಗೆ
conselment,ಕನ್ಸೆಲ್ಮೆಂಟ್
patravaduva,ಪಾತ್ರವಾಡುವ
bhavarogakke,ಭವರೋಗಕ್ಕೆ
prerepisalu,ಪ್ರೇರೆಪಿಸಲು
kodtirodu,ಕೊಡ್ತಿರೋದು
vrattisanghagalu,ವೃತ್ತಿಸಂಘಗಳು
haadiyaalannu,ಹಾದಿಯಾಳನ್ನು
kurudaraagiruttaare,ಕುರುಡರಾಗಿರುತ್ತಾರೆ
patraduddakkoo,ಪಾತ್ರದುದ್ದಕ್ಕೂ
mettilugalantaha,ಮೆಟ್ಟಿಲುಗಳಂತಹ
henigegalannu,ಹೆಣಿಗೆಗಳನ್ನು
andrad,ಆಂಡ್ರಾಡ್
dhora,ಧೋರಾ
horattu,ಹೊರಟ್ಟು
ittichenavaregu,ಇತ್ತೀಚೆನವರೆಗೂ
kambaladinda,ಕಂಬಳದಿಂದ
sanghatanegela,ಸಂಘಟನೆಗೆಳ
ulisakke,ಉಳಿಸಕ್ಕೆ
safalamadi,ಸಫಲಮಾಡಿ
teejan,ತೀಜನ್
pradeshadallinelesi,ಪ್ರದೇಶದಲ್ಲಿನೆಲೆಸಿ
barehagalellavoo,ಬರೆಹಗಳೆಲ್ಲವೂ
yedeyurinalli,ಯಡೆಯೂರಿನಲ್ಲಿ
vyatiriktavagiddaga,ವ್ಯತಿರಿಕ್ತವಾಗಿದ್ದಾಗ
antarangadi,ಅಂತರಂಗದಿ
nayate,ನಾಯತೆ
konkadidare,ಕೊಂಕಾಡಿದರೆ
astrophysics,ಅಸ್ಟ್ರೊಫಿಸಿಕ್ಸ್
printernallina,ಪ್ರಿಂಟರ್ನಲ್ಲಿನ
klikkisiddarinda,ಕ್ಲಿಕ್ಕಿಸಿದ್ದರಿಂದ
hidiyaballavaru,ಹಿಡಿಯಬಲ್ಲವರು
mainakaparvata,ಮೈನಾಕಪರ್ವತ
bahubhashigarannu,ಬಹುಭಾಷಿಗರನ್ನು
jagannatharavaru,ಜಗನ್ನಾಥರವರು
madhukrav,ಮಧುಕ್ರಾವ್
releating,ರಿಲೀಟಿಂಗ್
slush,ಸ್ಲಷ್
monikar,ಮೋನಿಕರ್
agalihoguva,ಅಗಲಿಹೋಗುವ
mudodakke,ಮೂಡೋದಕ್ಕೆ
majestratorige,ಮೆಜೆಸ್ಟ್ರೇಟರಿಗೆ
salyaatu,ಸಲ್ಯಾತು
kalakrutiyendare,ಕಲಾಕೃತಿಯೆಂದರೆ
kallambadi,ಕಲ್ಲಂಬಾಡಿ
yuhleen,ಯುಹ್ಲೀನ್
olagaagiru,ಒಳಗಾಗಿರು
miranayaka,ಮೀರಾನಾಯಕ
anusarisikondive,ಅನುಸರಿಸಿಕೊಂಡಿವೆ
ferrigala,ಫೆರ್ರಿಗಳ
todakagidda,ತೊಡಕಾಗಿದ್ದ
tikkun,ಟಿಕ್ಕುನ್
solto,ಸೊಲ್ಟೊ
hinneleyante,ಹಿನ್ನೆಲೆಯಂತೆ
prayogaatmakate,ಪ್ರಯೋಗಾತ್ಮಕತೆ
dinapatrake,ದಿನಪತ್ರಕೆ
siddharaamayyanavarige,ಸಿಧ್ಧರಾಮಯ್ಯನವರಿಗೆ
sthaliyara,ಸ್ಥಳೀಯರ
puneyalliddaare,ಪುಣೆಯಲ್ಲಿದ್ದಾರೆ
safnaz,ಸಫನಾಜ್
antaraarthaveenu,ಅಂತರಾರ್ಥವೇನು
saadhaaranaru,ಸಾಧಾರಣರು
kanaiguda,ಕನೈಗುಡಾ
karunisavva,ಕರುಣಿಸವ್ವ
parihaaravaagiddare,ಪರಿಹಾರವಾಗಿದ್ದರೆ
kanisikollalva,ಕಾಣಿಸಿಕೊಳ್ಳಲ್ವಾ
gaaliyallide,ಗಾಳಿಯಲ್ಲಿದೆ
bhedhi,ಭೇಧಿ
poornamadam,ಪೂರ್ಣಮದಂ
hyperplasiagala,ಹೈಪರ್ಪ್ಲಾಸಿಯಾಗಳ
kichchugattu,ಕಿಚ್ಚುಗತ್ತು
akarmagalannu,ಅಕರ್ಮಗಳನ್ನು
kanishtamattavagide,ಕನಿಷ್ಠಮಟ್ಟವಾಗಿದೆ
kavan,ಕಾವನ್
samajek,ಸಮಾಜೆಕ್
nanniccheyanusaara,ನನ್ನಿಚ್ಛೆಯನುಸಾರ
katesha,ಕಟೇಶ
kaaryakkendu,ಕಾರ್ಯಕ್ಕೆಂದು
purnagiri,ಪೂರ್ಣಗಿರಿ
baddupur,ಬದ್ದುಪುರ್
annuviraadare,ಅನ್ನುವಿರಾದರೆ
nemakagolisitu,ನೇಮಕಗೊಳಿಸಿತು
kaigolalaguvudu,ಕೈಗೋಳಲಾಗುವುದು
ottaayisiddarindaagi,ಒತ್ತಾಯಿಸಿದ್ದರಿಂದಾಗಿ
saikallondittu,ಸೈಕಲ್ಲೊಂದಿತ್ತು
doreyuttideye,ದೊರೆಯುತ್ತಿದೆಯೆ
manavisallisiddaare,ಮನವಿಸಲ್ಲಿಸಿದ್ದಾರೆ
hundiyee,ಹುಂಡಿಯೇ
sangraahakadallina,ಸಂಗ್ರಾಹಕದಲ್ಲಿನ
obstructive,ಆಬ್ಸ್ಟ್ರಕ್ಟಿವ್
maataduttave,ಮಾತದುಟ್ಟವೇ
bhrameyaadare,ಭ್ರಮೆಯಾದರೆ
siddhaartharannu,ಸಿದ್ಧಾರ್ಥರನ್ನು
gumpagiyoo,ಗುಂಪಾಗಿಯೂ
utirnaraadavaru,ಉತೀರ್ಣರಾದವರು
nayakarirabeku,ನಾಯಕರಿರಬೇಕು
ethical,ಎಥಿಕಲ್
tayaarakarigoo,ತಯಾರಕರಿಗೂ
ghoravagiye,ಘೋರವಾಗಿಯೇ
narasagisuva,ನರಸಾಗಿಸುವ
baadigedaaranaagiddare,ಬಾಡಿಗೆದಾರನಾಗಿದ್ದರೆ
samsaarigoo,ಸಂಸಾರಿಗೂ
taggisuvikeya,ತಗ್ಗಿಸುವಿಕೆಯ
rajguhya,ರಾಜಗುಹ್ಯ
heralaguttilla,ಹೇರಲಾಗುತ್ತಿಲ್ಲ
apraaptaraagiddare,ಅಪ್ರಾಪ್ತರಾಗಿದ್ದರೆ
temphovannu,ಟೆಂಫೋವನ್ನು
hedarisidda,ಹೆದರಿಸಿದ್ದ
nyage,ನ್ಯಾಗೆ
gamanisutalidda,ಗಮನಿಸುತಲಿದ್ದ
janavargavendu,ಜನವರ್ಗವೆಂದು
hutyara,ಹುಟ್ಯಾರ
vargavanegolisa,ವರ್ಗಾವಣೆಗೊಳಿಸ
koorabekide,ಕೂರಬೇಕಿದೆ
eradusthana,ಎರಡುಸ್ಥಾನ
mandsurina,ಮಂಡ್ಸೂರಿನ
arpisikolluttaane,ಅರ್ಪಿಸಿಕೊಳ್ಳುತ್ತಾನೆ
chikkamagalurugalinda,ಚಿಕ್ಕಮಗಳೂರುಗಳಿಂದ
olasuligalu,ಒಳಸುಳಿಗಳು
dorkstar,ಡಾರ್ಕ್ಸ್ಟಾರ್
krishnachandara,ಕೃಷ್ಣಚಂದರ
bigidukondare,ಬಿಗಿದುಕೊಂಡರೆ
firangigaara,ಫಿರಂಗಿಗಾರ
intell,ಇಂಟೆಲ್
belegaararaddaagittu,ಬೆಳೆಗಾರರದ್ದಾಗಿತ್ತು
innondashtanna,ಇನ್ನೊಂದಷ್ಟನ್ನ
koodisikondu,ಕೂಡಿಸಿಕೊಂಡು
gapattanavu,ಗಪಟ್ಟಣವು
ultron,ಅಲ್ಟ್ರಾನ್
shadilal,ಶಾದಿಲಾಲ್
possibilidad,ಪೋಸಿಬಿಲಿಡಾಡ್
vanthavu,ವಂಥವು
tampaadavaagive,ತಂಪಾದವಾಗಿವೆ
vaadyagaliruttave,ವಾದ್ಯಗಳಿರುತ್ತವೆ
bercities,ಬೆರ್ಸಿಟಿಸ್
shatakam,ಶತಕಂ
brazilge,ಬ್ರೆಜಿಲ್ಗೆ
darknesnondige,ಡಾರ್ಕ್ನೆಸ್ನೊಂದಿಗೆ
chamiyala,ಚಾಮಿಯಾಲ
abhayasimhara,ಅಭಯಸಿಂಹರ
gumpugalallade,ಗುಂಪುಗಳಲ್ಲದೆ
gayamadittu,ಗಾಯಮಾಡಿತ್ತು
bhinnayugmajigala,ಭಿನ್ನಯುಗ್ಮಜಿಗಳ
tirupatigintaloo,ತಿರುಪತಿಗಿಂತಲೂ
avadhigiruttade,ಅವಧಿಗಿರುತ್ತದೆ
pioglitazone,ಪಿಯೋಗ್ಲಿಟಾಜೋನ್
dharmatmanendu,ಧರ್ಮಾತ್ಮನೆಂದು
andajisikolli,ಅಂದಾಜಿಸಿಕೊಳ್ಳಿ
gaalipatagalannu,ಗಾಳಿಪಟಗಳನ್ನು
mahaakaavyavaagirali,ಮಹಾಕಾವ್ಯವಾಗಿರಲಿ
patradarigalagi,ಪಾತ್ರದಾರಿಗಳಾಗಿ
strilingadinda,ಸ್ತ್ರೀಲಿಂಗದಿಂದ
ultraportables,ಅಲ್ಟ್ರಾಪೋರ್ಟೇಬಲ್ಸ್
odeyanannagimadi,ಒಡೆಯನನ್ನಾಗಿಮಾಡಿ
grahagatigaloo,ಗ್ರಹಗತಿಗಳೂ
horaduvikege,ಹೊರಡುವಿಕೆಗೆ
chirasreeya,ಚಿರಶ್ರೀಯ
itihaasavannolagondu,ಇತಿಹಾಸವನ್ನೊಳಗೊಂಡು
saahityaveniside,ಸಾಹಿತ್ಯವೆನಿಸಿದೆ
oragidavanige,ಒರಗಿದವನಿಗೆ
nishvitavaada,ನಿಶ್ವಿತವಾದ
maragalilladallige,ಮರಗಳಿಲ್ಲದಲ್ಲಿಗೆ
niriksheyenteye,ನಿರೀಕ್ಷೆಯೆಂತೆಯೇ
lohitashwaravaru,ಲೋಹಿತಾಶ್ವರವರು
dehavaasane,ದೇಹವಾಸನೆ
bandhaipurwa,ಬಂಧೈಪುರ್ವಾ
jinarigondane,ಜಿನರಿಗೊಂದನೆ
lagondu,ಲಾಗೊಂದು
siddharaagiddeve,ಸಿದ್ಧರಾಗಿದ್ದೇವೆ
kuniyuvuduntu,ಕುಣಿಯುವುದುಂಟು
sheshagiriyappanavaru,ಶೇಷಗಿರಿಯಪ್ಪನವರು
kiranagalannoo,ಕಿರಣಗಳನ್ನೂ
odedavu,ಒಡೆದವು
basavanneppanavaru,ಬಸವಣ್ಣೆಪ್ಪನವರು
balakedaararondige,ಬಳಕೆದಾರರೊಂದಿಗೆ
nirmisikoduvavaregoo,ನಿರ್ಮಿಸಿಕೊಡುವವರೆಗೂ
meladalloo,ಮೇಳದಲ್ಲೂ
nalesidda,ನಲೆಸಿದ್ದ
horaatagaartiyaagi,ಹೋರಾಟಗಾರ್ತಿಯಾಗಿ
ambagara,ಅಂಬಗರ
agasebeeja,ಅಗಸೇಬೀಜ
vayassugala,ವಯಸ್ಸುಗಳ
maduveyaguvudo,ಮದುವೆಯಾಗುವುದೋ
saintjan,ಸೈಂಟ್ಜಾನ್
bandiddavanannu,ಬಂದಿದ್ದವನನ್ನು
haralugolluvike,ಹರಳುಗೊಳ್ಳುವಿಕೆ
madhumehigalaagiddalli,ಮಧುಮೇಹಿಗಳಾಗಿದ್ದಲ್ಲಿ
talapaayavidda,ತಳಪಾಯವಿದ್ದ
cinemaagalalli,ಸಿನಿಮಾಗಳಲ್ಲಿ
vidheyarige,ವಿಧೇಯರಿಗೆ
nirikshisuttave,ನಿರೀಕ್ಷಿಸುತ್ತವೆ
sinirasikaralli,ಸಿನಿರಸಿಕರಲ್ಲಿ
kotyadhipatigaliddaru,ಕೋಟ್ಯಧಿಪತಿಗಳಿದ್ದರು
shambhulingeshwarar,ಶಂಭುಲಿಂಗೇಶ್ವರರ
aaykegalannella,ಆಯ್ಕೆಗಳನ್ನೆಲ್ಲ
tantragyaanadallina,ತಂತ್ರಜ್ಞಾನದಲ್ಲಿನ
phorecliftgalantaha,ಫೋರ್ಕ್ಲಿಫ್ಟ್ಗಳಂತಹ
viphalavagideyo,ವಿಫಲವಾಗಿದೆಯೋ
vaaradagolage,ವಾರದಗೊಳಗೆ
jhareppa,ಝರೆಪ್ಪ
aalphalfaavannu,ಆಲ್ಫಲ್ಫಾವನ್ನು
heccaaguttiddaare,ಹೆಚ್ಚಾಗುತ್ತಿದ್ದಾರೆ
patravagiddavu,ಪಾತ್ರವಾಗಿದ್ದವು
illadavarigellaa,ಇಲ್ಲದವರಿಗೆಲ್ಲಾ
udyamavaadalli,ಉದ್ಯಮವಾದಲ್ಲಿ
reverfront,ರಿವರ್ಫ್ರಂಟ್
nepaheli,ನೆಪಹೇಳಿ
bengalurandre,ಬೆಂಗಳೂರಂದ್ರೆ
panettier,ಪನೆಟ್ಟಿಯರ್
suyvaru,ಸುಯ್ವರು
paakavidhaanavaagiddu,ಪಾಕವಿಧಾನವಾಗಿದ್ದು
hondikollatodagidaru,ಹೊಂದಿಕೊಳ್ಳತೊಡಗಿದರು
langarugalaagi,ಲಂಗರುಗಳಾಗಿ
metaatyaaggalannu,ಮೆಟಾಟ್ಯಾಗ್ಗಳನ್ನು
ludhi,ಲುಧಿ
jeor,ಜಿಯೊರ್
aapyayamaanavaada,ಆಪ್ಯಾಯಮಾನವಾದ
nelamaligegalantaha,ನೆಲಮಾಳಿಗೆಗಳಂತಹ
uppittinallittu,ಉಪ್ಪಿಟ್ಟಿನಲ್ಲಿತ್ತು
sphatikavagide,ಸ್ಫಟಿಕವಾಗಿದೆ
aggamakkhayati,ಅಗ್ಗಮಕ್ಖಾಯತಿ
islampur,ಇಸ್ಲಾಂಪುರ
chromosomina,ಕ್ರೋಮೋಸೋಮಿನ
kannugaligaagi,ಕಣ್ಣುಗಳಿಗಾಗಿ
catherina,ಕ್ಯಾತೆರಿನಾ
vivaahavaagiddaru,ವಿವಾಹವಾಗಿದ್ದರೂ
bisaakabaaradu,ಬಿಸಾಕಬಾರದು
nirdharisidavarige,ನಿರ್ಧರಿಸಿದವರಿಗೆ
sthagitagollalide,ಸ್ಥಗಿತಗೊಳ್ಳಲಿದೆ
srilankada,ಶ್ರೀಲಂಕದ
rajgopi,ರಾಜ್ಗೋಪಿ
kadimemadidare,ಕಡಿಮೆಮಾಡಿದರೆ
swapnadallidda,ಸ್ವಪ್ನದಲ್ಲಿದ್ದ
obbarigaadroo,ಒಬ್ಬರಿಗಾದ್ರೂ
duvaresutta,ದುವರೆಸುತ್ತಾ
hachchisikondavaru,ಹಚ್ಚಿಸಿಕೊಂಡವರು
electrotype,ಇಲೆಕ್ಟ್ರೋಟೈಪ್
hodedaagi,ಹೊಡೆದಾಗಿ
daraganj,ದಾರಾಗಂಜ್
kachchaarastegalella,ಕಚ್ಚಾರಸ್ತೆಗಳೆಲ್ಲ
kodtidaane,ಕೊಡ್ತಿದಾನೆ
horevuda,ಹೊರೆವುದ
avismaraneeyavaayitu,ಅವಿಸ್ಮರಣೀಯವಾಯಿತು
beresiduvudu,ಬೆರೆಸಿಡುವುದು
vanchitagolluva,ವಂಚಿತಗೊಳ್ಳುವ
cameragalannella,ಕ್ಯಾಮೆರಾಗಳನ್ನೆಲ್ಲ
badheyo,ಬಾಧೆಯೋ
pisudanigalige,ಪಿಸುದನಿಗಳಿಗೆ
aadhuneekaranagondu,ಆಧುನೀಕರಣಗೊಂಡು
casa,ಸಿಎಎಸ್ಎ
maaraatagaararolage,ಮಾರಾಟಗಾರರೊಳಗೆ
ksheyobhivruddhi,ಕ್ಷೇಯೋಭಿವೃದ್ಧಿ
utprekshisidare,ಉತ್ಪ್ರೇಕ್ಷಿಸಿದರೆ
kiridaagisidaaga,ಕಿರಿದಾಗಿಸಿದಾಗ
aantarikadondige,ಆಂತರಿಕದೊಂದಿಗೆ
samakaaleenanu,ಸಮಕಾಲೀನನು
shubhaadinavaada,ಶುಭಾದಿನವಾದ
munduvarisudu,ಮುಂದುವರಿಸುದು
mahavidye,ಮಹಾವಿದ್ಯೆ
bluebeck,ಬ್ಲೂಬೆಕ್
karnatakavendu,ಕರ್ನಾಟಕವೆಂದು
mushtiyallide,ಮುಷ್ಠಿಯಲ್ಲಿದೆ
ottadadindalaadaroo,ಒತ್ತಡದಿಂದಲಾದರೂ
nivedye,ನಿವೇದ್ಯೆ
ajjiyandirannu,ಅಜ್ಜಿಯಂದಿರನ್ನು
klairvoyantgalu,ಕ್ಲೈರ್ವೋಯಂಟ್ಗಳು
shoshisuttive,ಶೋಷಿಸುತ್ತಿವೆ
kamayani,ಕಾಮಾಯಾನಿ
tridoshagala,ತ್ರಿದೋಷಗಳ
dhwanigoodisidaare,ಧ್ವನಿಗೂಡಿಸಿದಾರೆ
balavanigeyannu,ಬಳವಣಿಗೆಯನ್ನು
vegavirali,ವೇಗವಿರಲಿ
sahasampaadakatvadalli,ಸಹಸಂಪಾದಕತ್ವದಲ್ಲಿ
mereyatodagiddaare,ಮೆರೆಯತೊಡಗಿದ್ದಾರೆ
pliskovage,ಪ್ಲಿಸ್ಕೋವಾಗೆ
hrudayadottada,ಹೃದಯದೊತ್ತಡ
kamalaravarige,ಕಮಲರವರಿಗೆ
yugapurushanige,ಯುಗಪುರುಷನಿಗೆ
saaraamshadallina,ಸಾರಾಂಶದಲ್ಲಿನ
shankippe,ಶಂಕಿಪ್ಪೆ
singri,ಸಿಂಗ್ರಿ
niriksheyalliruvavaru,ನಿರೀಕ್ಷೆಯಲ್ಲಿರುವವರೂ
ramso,ರಾಮ್ಸೊ
polipugudde,ಪೊಲಿಪುಗುಡ್ಡೆ
pushpapatrada,ಪುಷ್ಪಪತ್ರದ
bhashikanige,ಭಾಷಿಕನಿಗೆ
bechchaginavaraagiddaare,ಬೆಚ್ಚಗಿನವರಾಗಿದ್ದಾರೆ
jalm,ಜಲ್ಮ್
nelawada,ನೆಲವಾಡ
yavagide,ಯವಾಗಿದೆ
savisavinenapu,ಸವಿಸವಿನೆನಪು
suddiyalliro,ಸುದ್ದಿಯಲ್ಲಿರೊ
bhanuvaravella,ಭಾನುವಾರವೆಲ್ಲ
salahegarara,ಸಲಹೆಗಾರರ
vishvanavaru,ವಿಶ್ವನವರು
talenovugalu,ತಲೆನೋವುಗಳು
parnaudallina,ಪರ್ನೌದಲ್ಲಿನ
padavigeriddaare,ಪದವಿಗೇರಿದ್ದಾರೆ
seruvudiddare,ಸೇರುವುದಿದ್ದರೆ
prerepisuttaane,ಪ್ರೇರೆಪಿಸುತ್ತಾನೆ
tilivillada,ತಿಳಿವಿಲ್ಲದ
chiraparichitavagiddavu,ಚಿರಪರಿಚಿತವಾಗಿದ್ದವು
aakaankshegalillade,ಆಕಾಂಕ್ಷೆಗಳಿಲ್ಲದೇ
melakkeruvaaga,ಮೇಲಕ್ಕೇರುವಾಗ
vastupratiroopavannu,ವಸ್ತುಪ್ರತಿರೂಪವನ್ನು
agavrante,ಆಗವ್ರಂತೆ
ranapbir,ರಣಪಬೀರ್
alabhyavaagaliddaare,ಅಲಭ್ಯವಾಗಲಿದ್ದಾರೆ
molal,ಮೋಲಾಲ್
dhaaraavaahigaligintaloo,ಧಾರಾವಾಹಿಗಳಿಗಿಂತಲೂ
badalisikondaddannu,ಬದಲಿಸಿಕೊಂಡದ್ದನ್ನು
kanivegalella,ಕಣಿವೆಗಳೆಲ್ಲ
sampattalla,ಸಂಪತ್ತಲ್ಲ
haakalaaguttadaadaru,ಹಾಕಲಾಗುತ್ತದಾದರೂ
anubhavisiddarante,ಅನುಭವಿಸಿದ್ದರಂತೆ
niyojisabahudaada,ನಿಯೋಜಿಸಬಹುದಾದ
horamavinalli,ಹೊರಮಾವಿನಲ್ಲಿ
heluttidaddu,ಹೇಳುತ್ತಿದದ್ದು
elocution,ಎಲೋಕ್ಯೂಷನ್
avilladdarinda,ಅವಿಲ್ಲದ್ದರಿಂದ
bhagavatarende,ಭಾಗವತರೆಂದೇ
kaapaadalaagiddu,ಕಾಪಾಡಲಾಗಿದ್ದು
aushadhotpanna,ಔಷಧೋತ್ಪನ್ನ
svaroopadallaaguva,ಸ್ವರೂಪದಲ್ಲಾಗುವ
sidisuttidda,ಸಿಡಿಸುತ್ತಿದ್ದ
melakkeddaga,ಮೇಲಕ್ಕೆದ್ದಾಗ
swaameejiyaddaagittu,ಸ್ವಾಮೀಜಿಯದ್ದಾಗಿತ್ತು
hiduvalidaaranaaguva,ಹಿಡುವಳಿದಾರನಾಗುವ
mallorca,ಮಲ್ಲೋರ್ಕಾ
aakegala,ಆಕೆಗಳ
callipari,ಕ್ಯಾಲಿಪಾರಿ
gandhotkatanannu,ಗಂಧೋತ್ಕಟನನ್ನು
kaayikorakada,ಕಾಯಿಕೊರಕದ
raajaprabhutwada,ರಾಜಪ್ರಭುತ್ವದ
chuchchabekittu,ಚುಚ್ಚಬೇಕಿತ್ತು
tunni,ತುಣ್ಣಿ
mukhavilladante,ಮುಖವಿಲ್ಲದಂತೆ
sachivana,ಸಚಿವನ
devadarshiniyalli,ದೇವದರ್ಶಿನಿಯಲ್ಲಿ
adugene,ಅಡುಗೇನೆ
aagamanakkinta,ಆಗಮನಕ್ಕಿಂತ
safasgalu,ಸಫಸ್ಗಳು
prayanikanu,ಪ್ರಯಾಣಿಕನು
amshagalannudehadinda,ಅಂಶಗಳನ್ನುದೇಹದಿಂದ
sakkattaage,ಸಕ್ಕತ್ತಾಗೆ
dudabaradu,ದೂಡಬಾರದು
bhangdo,ಭಾಂಗ್ಡೊ
nenapatandra,ನೆನಪಾತಂದ್ರ
bhoobalakeyalli,ಭೂಬಳಕೆಯಲ್ಲಿ
chetarisikondilla,ಚೇತರಿಸಿಕೊಂಡಿಲ್ಲ
karlov,ಕರ್ಲೋವ್
aikyaa,ಐಕ್ಯಾ
meljatigalalliruva,ಮೇಲ್ಜಾತಿಗಳಲ್ಲಿರುವ
amhakaaravirabaaradu,ಅಂಹಕಾರವಿರಬಾರದು
agencyalla,ಏಜೆನ್ಸಿಯಲ್ಲ
samsadariddaroo,ಸಂಸದರಿದ್ದರೂ
kekmanovic,ಕೆಕ್ಮಾನೊವಿಕ್
henavagiddannu,ಹೆಣವಾಗಿದ್ದನ್ನು
oggoodisiddare,ಒಗ್ಗೂಡಿಸಿದ್ದರೆ
sallisiddaagyoo,ಸಲ್ಲಿಸಿದ್ದಾಗ್ಯೂ
channaviragoudra,ಚನ್ನವೀರಗೌಡ್ರ
homeroom,ಹೋಮರೂಮ್
goochisuttide,ಗೋಚಿಸುತ್ತಿದೆ
kaididu,ಕೈಡಿದು
federationannu,ಫೆಡರೇಶನನ್ನು
samprasiddhi,ಸಂಪ್ರಸಿದ್ಧಿ
talahaadiyalli,ತಳಹಾದಿಯಲ್ಲಿ
amritbhoomi,ಅಮೃತಭೂಮಿ
pakshagalavaaru,ಪಕ್ಷಗಳವಾರು
samparkisuvanteye,ಸಂಪರ್ಕಿಸುವಂತೆಯೇ
vaadikeyaagabaaradu,ವಾಡಿಕೆಯಾಗಬಾರದು
ihalokavanne,ಇಹಲೋಕವನ್ನೇ
antargatakke,ಅಂತರ್ಗತಕ್ಕೆ
arthropedic,ಆರ್ತ್ರೋಪೆಡಿಕ್
confort,ಕನ್ಫರ್ಟ್
aaseyirabahudu,ಆಸೆಯಿರಬಹುದು
dyamapura,ದ್ಯಾಮಪುರ
gunabdi,ಗುಣಾಬ್ದಿ
tumbikolluvudakke,ತುಂಬಿಕೊಳ್ಳುವುದಕ್ಕೇ
parivartisuvu,ಪರಿವರ್ತಿಸುವು
veerammaji,ವೀರಮ್ಮಾಜಿ
sikkiveyendu,ಸಿಕ್ಕಿವೆಯೆಂದು
sidniyallina,ಸಿಡ್ನಿಯಲ್ಲಿನ
helibidutteno,ಹೇಳಿಬಿಡುತ್ತೇನೋ
samvarane,ಸಂವರಣೆ
haakneyavaru,ಹಾಕ್ನೆಯವರು
gandaantarakkeedu,ಗಂಡಾಂತರಕ್ಕೀಡು
upanante,ಉಪನಂತೆ
belegaalada,ಬೆಳೆಗಾಳದ
megneshiyamnindaagi,ಮೆಗ್ನೇಷಿಯಂನಿಂದಾಗಿ
divaliyaguttade,ದಿವಾಳಿಯಾಗುತ್ತದೆ
marupavatisuvudilla,ಮರುಪಾವತಿಸುವುದಿಲ್ಲ
redimadikondide,ರೆಡಿಮಾಡಿಕೊಂಡಿದೆ
magestrate,ಮ್ಯಾಜೆಸ್ಟ್ರೇಟ್
arishinakunte,ಅರಿಶೀನಕುಂಟೆ
munnilal,ಮುನ್ನಿಲಾಲ್
panchakoshagalannu,ಪಂಚಕೋಶಗಳನ್ನು
simhana,ಸಿಂಹಾನ
aravattigeyannu,ಅರವಟ್ಟಿಗೆಯನ್ನು
chakradharigala,ಚಕ್ರಧಾರಿಗಳ
ennuvavanalla,ಎನ್ನುವವನಲ್ಲ
permadiraya,ಪೆರ್ಮಾಡಿರಾಯ
pratibheyullante,ಪ್ರತಿಭೆಯುಳ್ಳಂತೆ
shishtacharagale,ಶಿಷ್ಟಾಚಾರಗಳೇ
marigalante,ಮರಿಗಳಂತೆ
sammishranavagi,ಸಮ್ಮಿಶ್ರಣವಾಗಿ
shakunagalinda,ಶಕುನಗಳಿಂದ
shatrupaaleyakke,ಶತ್ರುಪಾಳೆಯಕ್ಕೆ
toruttiddaane,ತೊರುತ್ತಿದ್ದಾನೆ
svaagatisuvudarinda,ಸ್ವಾಗತಿಸುವುದರಿಂದ
pratiyaandakkoo,ಪ್ರತಿಯಾಂದಕ್ಕೂ
kashtavagattade,ಕಷ್ಟವಾಗತ್ತದೆ
nidabeki,ನೀಡಬೇಕಿ
niyojisiddu,ನಿಯೋಜಿಸಿದ್ದು
gondantagide,ಗೊಂಡಂತಾಗಿದೆ
belesuvenu,ಬೆಳೆಸುವೆನು
samagravagisuvudu,ಸಮಗ್ರವಾಗಿಸುವುದು
udyogagalalliddare,ಉದ್ಯೋಗಗಳಲ್ಲಿದ್ದರೆ
consultation,ಕನ್ಸಲ್ಟೇಷನ್
rangolic,ರಂಗೋಲಿಕ್
margate,ಮಾರ್ಗೇಟ್
beleduhogittu,ಬೆಳೆದುಹೋಗಿತ್ತು
sarvalokeshwara,ಸರ್ವಲೋಕೇಶ್ವರ
visheshagalillada,ವಿಶೇಷಗಳಿಲ್ಲದ
mayusturisingh,ಮಾಯುಶ್ಚುರೈಸಿಂಗ್
kanavarisidaroo,ಕನವರಿಸಿದರೂ
libyannaru,ಲಿಬ್ಯನ್ನರು
aamlajanakadallada,ಆಮ್ಲಜನಕದಲ್ಲದ
bluesfifed,ಬ್ಲೂಸ್ಫೈಫ್ಡ್
brindavanasaranga,ಬೃಂದಾವನಸಾರಂಗ
charchisuvalli,ಚರ್ಚಿಸುವಲ್ಲಿ
odduvudakkagi,ಒಡ್ಡುವುದಕ್ಕಾಗಿ
kaleyabahudaagidda,ಕಳೆಯಬಹುದಾಗಿದ್ದ
representitives,ರೆಪ್ರಸೆಂಟಿಟೀವ್ಸ್
sevisuvudarinde,ಸೇವಿಸುವುದರಿಂದೆ
badravati,ಬದ್ರಾವತಿ
niroopaneyallaadaroo,ನಿರೂಪಣೆಯಲ್ಲಾದರೂ
tapasaneyashte,ತಪಾಸಣೆಯಷ್ಟೇ
rallikevin,ರಲ್ಲಿಕೆವಿನ್
adeshisidaru,ಅದೇಶಿಸಿದರು
tottigalaagi,ತೊಟ್ಟಿಗಳಾಗಿ
karunage,ಕರುಣಗೆ
satanami,ಸಾತನಾಮಿ
baradaro,ಬರದಾರೋ
disposer,ಡಿಸ್ಪೋಸರ್
naguvabuddhana,ನಗುವಬುದ್ಧನ
siddhatepoornagondide,ಸಿದ್ಧತೆಪೂರ್ಣಗೊಂಡಿದೆ
valadaaga,ವಲದಾಗ
borsa,ಬೋರ್ಸಾ
vimanadindle,ವಿಮಾನದಿಂದ್ಲೇ
kulisak,ಕುಲಿಸಾಕ್
vivekashoonya,ವಿವೇಕಶೂನ್ಯ
dulli,ದುಳ್ಳಿ
bataliroopadalliruva,ಬಾಟಲಿರೂಪದಲ್ಲಿರುವ
kettiduvantahaddu,ಕೆತ್ತಿಡುವಂತಹದ್ದು
sthaanamaanadadi,ಸ್ಥಾನಮಾನದಡಿ
maaduttidda,ಮಾಡುತ್ತಿದ್ದ
aarogyadindirali,ಆರೋಗ್ಯದಿಂದಿರಲಿ
khaadirisalaagittu,ಖಾದಿರಿಸಲಾಗಿತ್ತು
baluttiddeve,ಬಾಳುತ್ತಿದ್ದೇವೆ
spikargalilladeye,ಸ್ಪೀಕರ್ಗಳಿಲ್ಲದೆಯೇ
anniversary,ಆನಿವರ್ಸರಿ
prapanchadaadyante,ಪ್ರಪಂಚದಾದ್ಯಂತೆ
adhyakshanaguvudannu,ಅಧ್ಯಕ್ಷನಾಗುವುದನ್ನು
severage,ಸೆವೆರೇಜ್
svaamyateya,ಸ್ವಾಮ್ಯತೆಯ
muneeswararam,ಮುನೀಶ್ವರರಂ
vastravisarjane,ವಸ್ತ್ರವಿಸರ್ಜನೆ
dorakiddavu,ದೊರಕಿದ್ದವು
impresario,ಇಂಪ್ರೆಸಾರಿಯೋ
shaalaakothadige,ಶಾಲಾಕೊಠಡಿಗೆ
rtuvigoo,ಋತುವಿಗೂ
perisikolluva,ಪೇರಿಸಿಕೊಳ್ಳುವ
patavu,ಪಟವು
ratnakatti,ರತ್ನಕಟ್ಟಿ
meghagalalli,ಮೇಘಗಳಲ್ಲಿ
kshudrategalannu,ಕ್ಷುದ್ರತೆಗಳನ್ನು
lectric,ಲೆಕ್ಟ್ರಿಕ್
anasoole,ಅನಸೂಳೆ
noyisuvantaguttade,ನೋಯಿಸುವಂತಾಗುತ್ತದೆ
badhyategalilla,ಬಾಧ್ಯತೆಗಳಿಲ್ಲ
tandava,ತಂಡವ
gullebbisida,ಗುಲ್ಲೆಬ್ಬಿಸಿದ
hockett,ಹಾಕೆಟ್
altaba,ಅಲ್ಟಾಬಾ
tallikollabedi,ತಳ್ಳಿಕೊಳ್ಳಬೇಡಿ
hastantaravaga,ಹಸ್ತಾಂತರವಾಗ
malikapuramma,ಮಾಲಿಕಾಪುರಮ್ಮ
kanikaravullavaru,ಕನಿಕರವುಳ್ಳವರು
hechchupaalannu,ಹೆಚ್ಚುಪಾಲನ್ನು
koodittiralaagittu,ಕೂಡಿಟ್ಟಿರಲಾಗಿತ್ತು
gamanarhavadavugalendare,ಗಮನಾರ್ಹವಾದವುಗಳೆಂದರೆ
kittogeva,ಕಿತ್ತೊಗೆವ
tiliyabahu,ತಿಳಿಯಬಹು
turikondare,ತೂರಿಕೊಂಡರೆ
enisuvashtoo,ಎನಿಸುವಷ್ಟೂ
tammanayakanannu,ತಮ್ಮನಾಯಕನನ್ನು
khareedisalaagiddavu,ಖರೀದಿಸಲಾಗಿದ್ದವು
chaukidaararaagiddare,ಚೌಕಿದಾರರಾಗಿದ್ದರೆ
lokopayogada,ಲೋಕೋಪಯೋಗದ
aadaayavaaguttittu,ಆದಾಯವಾಗುತ್ತಿತ್ತು
eejaadaballavaraagiddaru,ಈಜಾಡಬಲ್ಲವರಾಗಿದ್ದರು
wadhra,ವಾಧ್ರಾ
pokuvayi,ಪೊಕುವಾಯಿ
bahirangavagiruttene,ಬಹಿರಂಗವಾಗಿರುತ್ತೇನೆ
unicote,ಯುನಿಕೋಟ್
maitriyaagadiddaroo,ಮೈತ್ರಿಯಾಗದಿದ್ದರೂ
kathinavaayitu,ಕಠಿನವಾಯಿತು
dalagaligoo,ದಳಗಳಿಗೂ
chandravatiyondige,ಚಂದ್ರಾವತಿಯೊಂದಿಗೆ
torisalaagiruvudu,ತೋರಿಸಲಾಗಿರುವುದು
hitanudiginta,ಹಿತನುಡಿಗಿಂತ
munchooniyalliddavaru,ಮುಂಚೂಣಿಯಲ್ಲಿದ್ದವರು
vinayaadityane,ವಿನಯಾದಿತ್ಯನೆ
chagti,ಚಗ್ತಿ
kelisikolluvike,ಕೇಳಿಸಿಕೊಳ್ಳುವಿಕೆ
paranoid,ಪ್ಯಾರಾನಾಯ್ಡ್
maduveyagiddannoo,ಮದುವೆಯಾಗಿದ್ದನ್ನೂ
tudikegalannu,ತುಡಿಕೆಗಳನ್ನು
salmer,ಸಾಲ್ಮರ್
mailarayyanannu,ಮೈಲಾರಯ್ಯನನ್ನು
vibhraantiyalli,ವಿಭ್ರಾಂತಿಯಲ್ಲಿ
badaminagar,ಬದಾಮಿನಗರ
hastaantarisabeekaagide,ಹಸ್ತಾಂತರಿಸಬೇಕಾಗಿದೆ
vyangyachalanachitradinda,ವ್ಯಂಗ್ಯಚಲನಚಿತ್ರದಿಂದ
rakulge,ರಾಕುಲ್ಗೆ
rajanaguttare,ರಾಜನಾಗುತ್ತಾರೆ
rasvaamiyannu,ರಸ್ವಾಮಿಯನ್ನು
bekendashtoo,ಬೇಕೆಂದಷ್ಟೂ
suruliyagirisuvudu,ಸುರುಳಿಯಾಗಿರಿಸುವುದು
oel,ಒಇಎಲ್
haakalliddaare,ಹಾಕಲ್ಲಿದ್ದಾರೆ
aaspatreyillade,ಆಸ್ಪತ್ರೆಯಿಲ್ಲದೆ
toleyuttideye,ತೊಳೆಯುತ್ತಿದೆಯೆ
subscript,ಸಬ್ಸ್ಕ್ರಿಪ್ಟ್
holahugalige,ಹೊಳಹುಗಳಿಗೆ
hutuhabba,ಹುಟುಹಬ್ಬ
adityanandara,ಆದಿತ್ಯಾನಂದರ
muddumogam,ಮುದ್ದುಮೊಗಂ
badadeshagalinda,ಬಡದೇಶಗಳಿಂದ
sachivarodane,ಸಚಿವರೊಡನೆ
dharmadrohigala,ಧರ್ಮದ್ರೋಹಿಗಳ
kalisbekadre,ಕಲಿಸ್ಬೇಕಾದ್ರೆ
kooneyalloo,ಕೋಣೆಯಲ್ಲೂ
mettilaaguttade,ಮೆಟ್ಟಿಲಾಗುತ್ತದೆ
karesikollabekagide,ಕರೆಸಿಕೊಳ್ಳಬೇಕಾಗಿದೆ
nibhayisirodu,ನಿಭಾಯಿಸಿರೋದು
ebante,ಎಬಂತೆ
bhagavadgeeteyemba,ಭಗವದ್ಗೀತೆಯೆಂಬ
tanguvantilla,ತಂಗುವಂತಿಲ್ಲ
kallamarai,ಕಲ್ಲಮರಾಯಿ
melinavaregina,ಮೇಲಿನವರೆಗಿನ
sikshakam,ಶಿಕ್ಷಕಂ
vargadarige,ವರ್ಗದರಿಗೆ
mahatvakanksheya,ಮಹತ್ವಾಕಾಂಕ್ಷೆಯ
hitlerana,ಹಿಟ್ಲರನ
jadadhaarmika,ಜಡಧಾರ್ಮಿಕ
berengeria,ಬೆರೆಂಗೇರಿಯಾ
gogareyade,ಗೋಗರೆಯದೆ
kwashchansnella,ಕ್ವಶ್ಚನ್ಸ್ನೆಲ್ಲಾ
ilijaaride,ಇಳಿಜಾರಿದೆ
mookshakke,ಮೋಕ್ಷಕ್ಕೆ
vanchanegolisuttade,ವಂಚನೆಗೊಳಿಸುತ್ತದೆ
kanjo,ಕಂಜೊ
toribaruvudilla,ತೋರಿಬರುವುದಿಲ್ಲ
dutanannagisikondu,ದೂತನನ್ನಾಗಿಸಿಕೊಂಡು
padeyabekaiah,ಪಡೆಯಬೇಕಯ್ಯ
vidhaanaparishattinalloo,ವಿಧಾನಪರಿಷತ್ತಿನಲ್ಲೂ
hatasharagiddaga,ಹತಾಶರಾಗಿದ್ದಾಗ
hedarisuvudo,ಹೆದರಿಸುವುದೋ
ilivayassinavara,ಇಳಿವಯಸ್ಸಿನವರ
rachaneyaguttare,ರಚನೆಯಾಗುತ್ತಾರೆ
districtu,ಡಿಸ್ಟ್ರಿಕ್ಟು
masser,ಮಾಸ್ಸರ್
premadorateya,ಪ್ರೇಮದೊರತೆಯ
disantis,ಡಿಸಾಂಟಿಸ್
shikshakiyannagi,ಶಿಕ್ಷಕಿಯನ್ನಾಗಿ
gruhabalakeyinda,ಗೃಹಬಳಕೆಯಿಂದ
archanada,ಅರ್ಚನದ
kilisiddaru,ಕೀಳಿಸಿದ್ದರು
manmaharajadhiraja,ಮನ್ಮಹಾರಾಜಾಧಿರಾಜ
hadanavanu,ಹದನವನು
aagalaarade,ಆಗಲಾರದೆ
solisuvudashte,ಸೋಲಿಸುವುದಷ್ಟೆ
kalswamy,ಕಲ್ಸ್ವಾಮಿಯ
madhushaalede,ಮಧುಶಾಲೆದೆ
hindeo,ಹಿಂದಿಯೋ
rajaswadhan,ರಾಜಸ್ವಧನ
balumugilu,ಬಲುಮುಗಿಲು
maddille,ಮದ್ದಿಲ್ಲೆ
kharadinda,ಖಾರದಿಂದ
nagarajaru,ನಾಗರಾಜರೂ
ilakhegilla,ಇಲಾಖೆಗಿಲ್ಲ
nashtagolladante,ನಷ್ಟಗೊಳ್ಳದಂತೆ
afrikakhandada,ಆಫ್ರಿಕಾಖಂಡದ
kettakannininda,ಕೆಟ್ಟಕಣ್ಣಿನಿಂದ
kamalajanedege,ಕಮಲಜನೆಡೆಗೆ
horanotadinda,ಹೊರನೋಟದಿಂದ
aitane,ಐತನೇ
kulitirabekemba,ಕುಳಿತಿರಬೇಕೆಂಬ
bandudeke,ಬಂದುದೇಕೆ
salinger,ಸ್ಯಾಲಿಂಜರ್
spardhisutteve,ಸ್ಪರ್ಧಿಸುತ್ತೇವೆ
uddishyada,ಉದ್ದಿಶ್ಯದ
llavamam,ಲ್ಲವಮಂ
compliantu,ಕಂಪ್ಲೈಂಟು
nenapisuttideyendu,ನೆನಪಿಸುತ್ತಿದೆಯೆಂದು
navaklasikal,ನವಕ್ಲಾಸಿಕಲ್
arvius,ಅರ್ವಿಯಸ್
kuttikutty,ಕುಟ್ಟಿಕುಟ್ಟಿ
sangannakaradi,ಸಂಗಣ್ಣಕರಡಿ
aharavagabekada,ಆಹಾರವಾಗಬೇಕಾದ
kaaryatatparavaagabeku,ಕಾರ್ಯತತ್ಪರವಾಗಬೇಕು
kadiyaguttiddu,ಕಡಿಯಾಗುತ್ತಿದ್ದು
sirwal,ಸಿರ್ವಾಲ್
voltiles,ವೋಲ್ಟೈಲ್ಸ್
sidilinantagittu,ಸಿಡಿಲಿನಂತಾಗಿತ್ತು
balakemaaduttidda,ಬಳಕೆಮಾಡುತ್ತಿದ್ದ
barataite,ಬರತೈತೆ
vinyaasagaartiyaagi,ವಿನ್ಯಾಸಗಾರ್ತಿಯಾಗಿ
sangeetaanjali,ಸಂಗೀತಾಂಜಲಿ
tiliyuvudakkaagali,ತಿಳಿಯುವುದಕ್ಕಾಗಲಿ
besaragondanu,ಬೇಸರಗೊಂಡನು
sogayisittu,ಸೊಗಯಿಸಿತ್ತು
ulisikolluvu,ಉಳಿಸಿಕೊಳ್ಳುವು
hunasehannininda,ಹುಣಸೆಹಣ್ಣಿನಿಂದ
nyaayapaddhatige,ನ್ಯಾಯಪದ್ಧತಿಗೆ
transke,ಟ್ರಾನ್ಸ್ಕೆ
kanakapuradindaloo,ಕನಕಪುರದಿಂದಲೂ
pampanalliyu,ಪಂಪನಲ್ಲಿಯೂ
tirikondandininda,ತೀರಿಕೊಂಡಂದಿನಿಂದ
sanjeera,ಸಂಜೀರಾ
eccentric,ಎಕ್ಸೆಂಟ್ರಿಕ್
kiridaagisabahudu,ಕಿರಿದಾಗಿಸಬಹುದು
kaleyuttiruvaagale,ಕಳೆಯುತ್ತಿರುವಾಗಲೇ
vaasavaarige,ವಾಸವಾರಿಗೆ
uttarisuvudillaa,ಉತ್ತರಿಸುವುದಿಲ್ಲಾ
natangely,ನ್ಯಾಟ್ಯಾಂಜಲಿ
vigabatrin,ವಿಗಾಬಟ್ರಿನ್
tondareyannoo,ತೊಂದರೆಯನ್ನೂ
jinkegalalli,ಜಿಂಕೆಗಳಲ್ಲಿ
radindaagi,ರದಿಂದಾಗಿ
kadaluttide,ಕದಲುತ್ತಿದೆ
bidisiruvude,ಬಿಡಿಸಿರುವುದೇ
ardhadina,ಅರ್ಧದಿನ
jivanashailiyallaada,ಜೀವನಶೈಲಿಯಲ್ಲಾದ
varkbukninda,ವರ್ಕ್ಬುಕ್ನಿಂದ
hinneleye,ಹಿನ್ನೆಲೆಯೆ
pavanagonda,ಪಾವನಗೊಂಡ
hogodari,ಹೋಗೋದಾರಿ
panchava,ಪಂಚವ
horatarattiruva,ಹೊರತರತ್ತಿರುವ
perimenopasnalli,ಪೆರಿಮೆನೊಪಾಸ್ನಲ್ಲಿ
nadesibiduva,ನಡೆಸಿಬಿಡುವ
helikodo,ಹೇಳಿಕೊಡೋ
aaydakondu,ಆಯ್ದಕೊಂಡು
satisareddy,ಸತೀಸರೆಡ್ಡಿ
soojichucchi,ಸೂಜಿಚುಚ್ಚಿ
sedev,ಸೆಡೆವ್
nadadoregal,ನಾಡದೊರೆಗಳ್
moodubidrek,ಮೂಡುಬಿದ್ರೆಕ್
boomin,ಬೂಮಿನ್
bahishkaaravanne,ಬಹಿಷ್ಕಾರವನ್ನೇ
sadubet,ಸಾದುಬೆಟ್
beedina,ಬೀಡಿನ
salahalikkagi,ಸಲಹಲಿಕ್ಕಾಗಿ
nanjanoodina,ನಂಜನೂಡಿನ
vranagalindaloo,ವ್ರಣಗಳಿಂದಲೂ
virupaksheshwara,ವಿರೂಪಾಕ್ಷೇಶ್ವರ
vachanamarga,ವಚನಮಾರ್ಗ
urige,ಊರಿಗೆ
sharmanemba,ಶರ್ಮನೆಂಬ
badalayisikolla,ಬದಲಾಯಿಸಿಕೊಳ್ಳ
edurisuttiruvudeke,ಎದುರಿಸುತ್ತಿರುವುದೇಕೆ
savaararigantoo,ಸವಾರರಿಗಂತೂ
kalpisabahude,ಕಲ್ಪಿಸಬಹುದೇ
mayyabba,ಮಯ್ಯಬ್ಬ
sarvaroope,ಸರ್ವರೂಪೇ
sajjagiye,ಸಜ್ಜಾಗಿಯೇ
coleto,ಕೊಲೆಟೋ
maushmi,ಮೌಷ್ಮಿ
samantachudamaniya,ಸಾಮಂತಚೂಡಾಮಣಿಯ
chaalaneyiruva,ಚಾಲನೆಯಿರುವ
horabandavarante,ಹೊರಬಂದವರಂತೆ
tibetannarannu,ಟಿಬೆಟನ್ನರನ್ನು
manniruva,ಮಣ್ಣಿರುವ
tapaswadhyay,ತಪಸ್ವಾಧ್ಯಾಯ
bausheran,ಬೌಶೆರನ್
ashtottigella,ಅಷ್ಟೊತ್ತಿಗೆಲ್ಲಾ
gannargala,ಗನ್ನರ್ಗಳ
vagdare,ವಾಗ್ದರೆ
puranavakya,ಪುರಾಣವಾಕ್ಯ
vastrasangrahada,ವಸ್ತ್ರಸಂಗ್ರಹದ
vainganakara,ವೈಂಗಣಕರ
padmanabhamahibhujam,ಪದ್ಮನಾಭಮಹೀಭುಜಂ
srajanasheelanannu,ಸೃಜನಶೀಲನನ್ನು
dantula,ದಂತುಲ
rovman,ರಾವ್ಮನ್
shyamanik,ಶ್ಯಾಮನಿಕ್
rettege,ರೆಟ್ಟೆಗೆ
sukhavulla,ಸುಖವುಳ್ಳ
mukkalide,ಮುಕ್ಕಲಿದೆ
bmm,ಬಿಎಂಎಂ
naukariyalliruvavarannu,ನೌಕರಿಯಲ್ಲಿರುವವರನ್ನು
nondayisikolluvudara,ನೊಂದಾಯಿಸಿಕೊಳ್ಳುವುದರ
dadhiya,ದಧಿಯ
pashugalondige,ಪಶುಗಳೊಂದಿಗೆ
centamery,ಸೆಂಟಮೇರಿ
hogadante,ಹೋಗದಂತೆ
nambikeyaagi,ನಂಬಿಕೆಯಾಗಿ
varnisalaadeete,ವರ್ಣಿಸಲಾದೀತೆ
nawabaru,ನವಾಬರು
dakshinaankanige,ದಕ್ಷಿಣಾಂಕನಿಗೆ
aluvaadinda,ಅಲುವಾದಿಂದ
megneeshiyaavannu,ಮೆಗ್ನೀಷಿಯಾವನ್ನು
tegedukolloke,ತೆಗೆದುಕೊಳ್ಳೊಕೆ
prasannakumar,ಪ್ರಸನ್ನಕುಮರ್
srihalli,ಶ್ರೀಹಳ್ಳಿ
gostigalannu,ಗೋಷ್ಠಿಗಳನ್ನು
saarvattika,ಸಾರ್ವತ್ತಿಕ
kanadanga,ಕಾಣದಾಂಗ
nirlajja,ನಿರ್ಲಜ್ಜಾ
siddhategalilla,ಸಿದ್ಧತೆಗಳಿಲ್ಲ
raitasanghagalu,ರೈತಸಂಘಗಳು
kharidisidaru,ಖರಿದಿಸಿದರು
nodidarellaru,ನೋಡಿದರೆಲ್ಲರೂ
tegedukondane,ತೆಗೆದುಕೊಂಡನೆ
chikhaloli,ಚಿಖಲೋಲಿ
aaryabhatanige,ಆರ್ಯಭಟನಿಗೆ
gabaripadisuttade,ಗಾಬರಿಪಡಿಸುತ್ತದೆ
vyavastheyirabekendu,ವ್ಯವಸ್ಥೆಯಿರಬೇಕೆಂದು
balasikondiddanante,ಬಳಸಿಕೊಂಡಿದ್ದನಂತೆ
targersen,ಟಾರ್ಗೆರ್ಸೆನ್
taironne,ತೈರೊನ್ನೆ
padeyuttiddare,ಪಡೆಯುತ್ತಿದ್ದಾರೆ
adhinavagisitu,ಅಧೀನವಾಗಿಸಿತು
snehitaragirutteve,ಸ್ನೇಹಿತರಾಗಿರುತ್ತೇವೆ
matanadidakulakarni,ಮಾತನಾಡಿದಕುಲಕರ್ಣಿ
yuvapemigalannu,ಯುವಪೇಮಿಗಳನ್ನು
kinkararinda,ಕಿಂಕರರಿಂದ
vardhisuvavanu,ವರ್ಧಿಸುವವನು
saviyunisalu,ಸವಿಯುಣಿಸಲು
jadeyuttade,ಜಡೆಯುತ್ತದೆ
korgaliginta,ಕೋರ್ಗಳಿಗಿಂತ
dayamayavaguttade,ದಯಾಮಯವಾಗುತ್ತದೆ
cumath,ಕ್ಯುಮ್ಯಾಥ್
tevagolisadiddalli,ತೇವಗೊಳಿಸದಿದ್ದಲ್ಲಿ
achcharigolisuttave,ಅಚ್ಚರಿಗೊಳಿಸುತ್ತವೆ
ondaagabekide,ಒಂದಾಗಬೇಕಿದೆ
gadyakaavyadalli,ಗದ್ಯಕಾವ್ಯದಲ್ಲಿ
jeevavalla,ಜೀವವಲ್ಲ
marvika,ಮಾರ್ವಿಕ
adaga,ಅಡಗ
jikevikege,ಜಿಕೆವಿಕೆಗೆ
kodagege,ಕೊಡಗೆಗೆ
kanasugaaranaagidda,ಕನಸುಗಾರನಾಗಿದ್ದ
nodadavarante,ನೋಡದವರಂತೆ
ankuraarpaneyaada,ಅಂಕುರಾರ್ಪಣೆಯಾದ
kashalinga,ಕಾಶಲಿಂಗ
soukumara,ಸೌಕುಮಾರ
tirmaasidde,ತೀರ್ಮಾಸಿದ್ದೆ
belmigava,ಬೆಳ್ಮಿಗವ
koriddara,ಕೋರಿದ್ದಾರಾ
badukabahudaadare,ಬದುಕಬಹುದಾದರೆ
ayodhyeyagalu,ಅಯೋಧ್ಯೆಯಾಗಲು
tannakrutiyalli,ತನ್ನಕೃತಿಯಲ್ಲಿ
theorinalli,ಥಿಯರಿನಲ್ಲಿ
sannamale,ಸಣ್ಣಮಳೆ
rashigalindagi,ರಾಶಿಗಳಿಂದಾಗಿ
kharchigi,ಖರ್ಚಿಗಿ
saamraajyashaahiyanne,ಸಾಮ್ರಾಜ್ಯಶಾಹಿಯನ್ನೇ
kuladon,ಕುಲದೋನ್
salsette,ಸಾಲ್ಸೆಟ್
soulabhyanolagonda,ಸೌಲಭ್ಯನೊಳಗೊಂಡ
tantraamshadindaagi,ತಂತ್ರಾಂಶದಿಂದಾಗಿ
avyavasthitavagiye,ಅವ್ಯವಸ್ಥಿತವಾಗಿಯೇ
siddappagola,ಸಿದ್ದಪ್ಪಗೋಳ
heccheno,ಹೆಚ್ಚೇನೊ
tatuvattu,ತಟುವಟ್ಟು
decibelgalu,ಡೆಸಿಬೆಲ್ಗಳು
feelings,ಫೀಲಿಂಗ್ಸ್
natanaavarasegalannu,ನಟನಾವರಸೆಗಳನ್ನು
rangache,ರಂಗಾಚೆ
munnadeyutide,ಮುನ್ನಡೆಯುತಿದೆ
doddavalla,ದೊಡ್ಡವಲ್ಲ
sattaddaagi,ಸತ್ತದ್ದಾಗಿ
appuvininda,ಅಪ್ಪುವಿನಿಂದ
kelamattadalliyu,ಕೆಳಮಟ್ಟದಲ್ಲಿಯೂ
shatana,ಶತನ
karjikayiyante,ಕರ್ಜಿಕಾಯಿಯಂತೆ
nimali,ನಿಮಲಿ
nirmithavaada,ನಿರ್ಮಿತವಾದ
gurata,ಗುರತ
alastrikattehundi,ಆಲಸ್ತ್ರೀಕಟ್ಟೆಹುಂಡಿ
devadutanaagiddaane,ದೇವದೂತನಾಗಿದ್ದಾನೆ
tirugisabekagilla,ತಿರುಗಿಸಬೇಕಾಗಿಲ್ಲ
notaveniside,ನೋಟವೆನಿಸಿದೆ
shelne,ಶೆಲ್ನೆ
vachyagolisuva,ವಾಚ್ಯಗೊಳಿಸುವ
rachanakaarana,ರಚನಕಾರನ
yojanegalallilla,ಯೋಜನೆಗಳಲ್ಲಿಲ್ಲ
siddhalingarige,ಸಿದ್ಧಲಿಂಗರಿಗೆ
stickman,ಸ್ಟಿಕ್ಮನ್
paracha,ಪರಚಾ
kaikolluttiruvudu,ಕೈಕೊಳ್ಳುತ್ತಿರುವುದು
jimbaabvegalalli,ಜಿಂಬಾಬ್ವೆಗಳಲ್ಲಿ
realitishogalalli,ರಿಯಾಲಿಟಿಶೋಗಳಲ್ಲಿ
arhavallavendu,ಅರ್ಹವಲ್ಲವೆಂದು
charisuvanu,ಚರಿಸುವನು
kewa,ಕೆವಾ
ramaharakha,ರಾಮಹರಖ
heavis,ಹೆವಿಸ್
purnatma,ಪೂರ್ಣಾತ್ಮ
swapnagalaagi,ಸ್ವಪ್ನಗಳಾಗಿ
piyavarannu,ಪಿಯವರನ್ನು
taaribaagilige,ತಾರಿಬಾಗಿಲಿಗೆ
exelgaagi,ಎಕ್ಸೆಲ್ಗಾಗಿ
cricketigintaloo,ಕ್ರಿಕೆಟಿಗಿಂತಲೂ
rashichakra,ರಾಶಿಚಕ್ರ
pattiyalliruvavaru,ಪಟ್ಟಿಯಲ್ಲಿರುವವರು
aranyarodane,ಅರಣ್ಯರೋದನೆ
ibbaramele,ಇಬ್ಬರಮೇಲೆ
uddadondu,ಉದ್ದದೊಂದು
antimagollabeku,ಅಂತಿಮಗೊಳ್ಳಬೇಕು
bombeyodane,ಬೊಂಬೆಯೊಡನೆ
campgalive,ಕ್ಯಾಂಪ್ಗಳಿವೆ
nittisida,ನಿಟ್ಟಿಸಿದ
keluvade,ಕೇಳುವಡೆ
kairuchigalu,ಕೈರುಚಿಗಳು
praveshaadhikaaravillada,ಪ್ರವೇಶಾಧಿಕಾರವಿಲ್ಲದ
balavardhanegollabeku,ಬಲವರ್ಧನೆಗೊಳ್ಳಬೇಕು
aarogyadalliruttave,ಆರೋಗ್ಯದಲ್ಲಿರುತ್ತವೆ
matugalenisuttave,ಮಾತುಗಳೆನಿಸುತ್ತವೆ
hachcheni,ಹಚ್ಚೆನಿ
uttamkumar,ಉತ್ತಮಕುಮಾರ್
gadiyanchinallide,ಗಡಿಯಂಚಿನಲ್ಲಿದೆ
abhinayaadigalannu,ಅಭಿನಯಾದಿಗಳನ್ನು
tondarepaduttiruvavaru,ತೊಂದರೆಪಡುತ್ತಿರುವವರು
prajapatigalu,ಪ್ರಜಾಪತಿಗಳು
pratikriyegaararu,ಪ್ರತಿಕ್ರಿಯೆಗಾರರು
anineresalu,ಅಣಿನೆರೆಸಲು
euoplocephalus,ಯುಯೋಪ್ಲೋಸೆಫಾಲಸ್
paraariyaagiddaarendu,ಪರಾರಿಯಾಗಿದ್ದಾರೆಂದು
khairwada,ಖೈರವಾಡ
ahutiyaadare,ಅಹುತಿಯಾದರೆ
madikegalaagive,ಮಡಿಕೆಗಳಾಗಿವೆ
gouravaanvitare,ಗೌರವಾನ್ವಿತರೆ
hoodare,ಹೂದರೆ
havaladaarati,ಹವಳದಾರತಿ
hattiradavaraagiddaare,ಹತ್ತಿರದವರಾಗಿದ್ದಾರೆ
laksharchane,ಲಕ್ಷಾರ್ಚನೆ
hanagalisuttidda,ಹಣಗಳಿಸುತ್ತಿದ್ದ
attabahudu,ಅಟ್ಟಬಹುದು
vahisuttaareyo,ವಹಿಸುತ್ತಾರೆಯೋ
sampradaayaviddudu,ಸಂಪ್ರದಾಯವಿದ್ದುದು
dosimetrist,ಡಾಸಿಮೆಟ್ರಿಸ್ಟ್
pralobhiyante,ಪ್ರಲೋಭಿಯಂತೆ
nadeyuvudide,ನಡೆಯುವುದಿದೆ
aaptasibbandi,ಆಪ್ತಸಿಬ್ಬಂದಿ
tinalirpante,ತಿನಲಿರ್ಪಂತೆ
aassaadiyavarige,ಆಸ್ಸಾದಿಯವರಿಗೆ
yogeshwarge,ಯೋಗೇಶ್ವರ್ಗೆ
sameepadallaagali,ಸಮೀಪದಲ್ಲಾಗಲಿ
amardeep,ಅಮರದೀಪ್
bhitiyallideyendu,ಭೀತಿಯಲ್ಲಿದೆಯೆಂದೂ
doshagaliddalli,ದೋಷಗಳಿದ್ದಲ್ಲಿ
nagarikateyatta,ನಾಗರಿಕತೆಯತ್ತ
adhikrutarigoo,ಅಧಿಕೃತರಿಗೂ
kannadadevi,ಕನ್ನಡದೇವಿ
besarapattanu,ಬೇಸರಪಟ್ಟನು
kaliyalillavendu,ಕಲಿಯಲಿಲ್ಲವೆಂದು
avaraddagalilla,ಅವರದ್ದಾಗಲಿಲ್ಲ
doddabasavanagouda,ದೊಡ್ಡಬಸವನಗೌಡ
phytosteralgalannu,ಫೈಟೊಸ್ಟೆರಾಲ್ಗಳನ್ನು
nodidavarannella,ನೋಡಿದವರನ್ನೆಲ್ಲಾ
bandupokkam,ಬಂದುಪೊಕ್ಕಂ
muktayakke,ಮುಕ್ತಾಯಕ್ಕೆ
airpaataagiddarinda,ಏರ್ಪಾಟಾಗಿದ್ದರಿಂದ
talupisaloo,ತಲುಪಿಸಲೂ
nazamuddin,ನಜಮುದ್ದೀನ್
hataasharannaagisuttide,ಹತಾಷರನ್ನಾಗಿಸುತ್ತಿದೆ
